Respondent ID,Collector ID,Start Date,End Date,Custom Data 1,collector_type_source,"In the past 12 months, how much, if anything, have you heard or read about NASA, the National Aeronautics and Space Administration? ",How would you rate each of the following priorities for NASA’s space efforts?,,,,,,,,,,,"How much, if anything, have you heard or read about private companies, such as SpaceX, Blue Origin and Virgin Galactic, developing space exploration capabilities? ","In the future, private companies expect to allow people to orbit the Earth in a spacecraft. How much, if at all, would you, personally, be interested in doing this? ","How much confidence, if any, do you have that private companies developing space exploration capabilities will…",,,,,,Do you think the International Space Station (ISS) has been…,Do you think the International Space Station (ISS) has been…,Do you believe space weapons are inevitable?,How concerned are you about cyberattacks on satellites and space infrastructure?,Should the benefits of space exploration be shared equitably among nations?,"In your view, do you think it is…",Which statement comes closer to your views — even if neither is exactly right? ,How concerned are you about war in space or other conflicts over space flight/resources/technology?,Do you believe the US should sign international treaties to prevent the militarization of space?,Gender,Age,Major US Region,Device,Household Income
,,,,,,Response,Searching for life and planets that could support life,Searching for raw materials and natural resources that could be used on Earth,Conducting basic scientific research to increase knowledge and understanding of space,Developing technologies that could be adapted for uses other than space exploration,Monitoring asteroids and other objects that could potentially hit the Earth,Monitoring key parts of the Earth’s climate system,Sending human astronauts to explore the moon,Sending human astronauts to explore Mars,Conducting scientific research on how space travel affects human health,Ensuring peace and stability between nations in space,Developing space weapons and defenses against space weapons,Response,Response,Build rockets and spacecraft that are safe and reliable,"Minimize the debris from rockets, satellites and other human-made objects in the Earth’s orbit",Control costs for developing rockets and spacecraft,Conduct basic scientific research to increase knowledge and understanding of space,Make a profit for their companies,Maintain peace and stability in space,Response,Response,Response,Open-Ended Response,Response,Response,Response,Open-Ended Response,Response,,,,,
114744885641,GEN X,2024-11-25 03:32:49,2024-11-25 03:36:04,eb70b1e73c585d954ad234b743,smc,2,4,,,,,,,,,,,2,2,2,1,,,,,1,1,2,86,1,1,1,58,1,female,45_to_60,middle_atlantic,ios_mobile,50000_to_74999
114744885108,GEN X,2024-11-25 03:32:28,2024-11-25 03:34:57,ef8eabcf2445e1c22aee73bffe,smc,2,,,,3,,,4,0,2,,1,1,2,1,2,3,4,0,,3,1,2,89,1,1,2,73,1,female,45_to_60,pacific,ios_mobile,25000_to_49999
114744884602,GEN X,2024-11-25 03:29:09,2024-11-25 03:33:53,a2175784eb3460f506c09c1345,smc,2,3,4,,,2,1,,,,,,1,4,3,,4,,,,3,2,3,50,1,2,1,25,1,female,45_to_60,mountain,android_mobile,10000_to_24999
114744884430,GEN X,2024-11-25 03:32:04,2024-11-25 03:33:34,f138a6c13896f8708bfa5728c2,smc,2,1,,,,,,,,,,,1,1,1,,,,,,1,1,1,100,1,1,1,100,2,female,30_to_44,pacific,android_mobile,0_to_9999
114744884433,GEN X,2024-11-25 03:31:16,2024-11-25 03:33:33,a3f11abd3d10fbd515acd610ad,smc,3,,0,,,,,,,,,,3,5,,,0,,,,3,4,5,74,3,3,3,64,3,female,45_to_60,east_north_central,ios_mobile,25000_to_49999
114744884359,GEN X,2024-11-25 03:31:35,2024-11-25 03:33:24,076f41c20e29f3cf8130682507,smc,2,1,,2,3,4,,0,,,,,2,2,2,1,3,4,0,,1,1,3,74,1,1,1,74,1,female,45_to_60,middle_atlantic,android_mobile,75000_to_99999
114744884251,GEN X,2024-11-25 03:30:00,2024-11-25 03:33:11,9a6e2c3b7859b24df763e5b452,smc,1,3,,,1,,,,,,4,2,1,1,1,2,,3,,4,1,2,1,50,1,1,2,30,2,male,45_to_60,pacific,android_mobile,25000_to_49999
114744884154,GEN X,2024-11-25 03:32:15,2024-11-25 03:32:57,91bff27357597a04261d7d4b92,smc,1,1,2,3,4,0,,,,,,,1,1,1,2,3,4,,,1,1,1,90,1,1,1,88,1,male,45_to_60,pacific,android_mobile,125000_to_149999
114744884097,GEN X,2024-11-25 03:32:09,2024-11-25 03:32:50,522eb81d3b846b8472f7694327,smc,1,,1,,,,,,,,,,1,2,,1,,,,,1,2,2,61,1,1,2,61,1,male,45_to_60,middle_atlantic,android_mobile,150000_to_174999
114744883927,GEN X,2024-11-25 03:26:30,2024-11-25 03:32:34,a97dc8ae14d3f0a77d6e61da51,smc,1,1,2,3,4,0,,,,,,,1,1,1,2,3,4,0,,1,1,1,87,1,1,1,54,2,male,45_to_60,east_north_central,android_mobile,10000_to_24999
114744883888,GEN X,2024-11-25 03:21:38,2024-11-25 03:32:30,9d87ef6a64b5bfecde20db0cf5,smc,2,3,,2,1,,,,,,,,1,2,,,,1,3,2,1,4,3,77,1,1,1,62,1,male,45_to_60,south_atlantic,android_mobile,10000_to_24999
114744883756,GEN X,2024-11-25 03:30:22,2024-11-25 03:32:16,8d90c9325f3f3184ab9b951770,smc,1,1,,,4,,3,,,,,,1,2,1,2,,3,,,1,1,1,56,1,1,1,67,1,male,30_to_44,middle_atlantic,android_mobile,50000_to_74999
114744883477,GEN X,2024-11-25 03:30:49,2024-11-25 03:31:40,11f7e250d44bacbf3bf2701603,smc,1,1,2,3,4,0,,,,,,,1,1,1,2,3,4,0,,1,1,1,92,1,1,1,87,1,male,45_to_60,pacific,android_mobile,125000_to_149999
114744883061,GEN X,2024-11-25 03:30:07,2024-11-25 03:30:45,2ca1f60fe479801aac3ee1d081,smc,3,,,,4,,2,,3,1,,,3,3,1,2,3,,,4,3,4,5,42,3,2,2,41,1,male,45_to_60,east_south_central,ios_mobile,10000_to_24999
114744883029,GEN X,2024-11-25 03:25:42,2024-11-25 03:30:42,7606062efb2d311b4856accd0d,smc,3,3,,,1,,,2,4,,,,3,4,4,,2,1,,3,2,2,3,25,2,1,1,20,1,female,45_to_60,west_south_central,android_mobile,25000_to_49999
114744882881,GEN X,2024-11-25 03:29:09,2024-11-25 03:30:24,7a6a34c886e75363feab060312,smc,2,,,,,,1,,,3,,2,2,2,1,,,,3,2,2,1,2,32,2,1,1,60,1,male,45_to_60,pacific,android_mobile,0_to_9999
114744882557,GEN X,2024-11-25 03:28:47,2024-11-25 03:29:37,099141579772fc9a1a3bfcd828,smc,1,1,2,3,4,0,,,,,,,1,1,1,2,3,4,0,,1,1,1,91,1,1,1,94,1,male,45_to_60,pacific,android_mobile,125000_to_149999
114744882243,GEN X,2024-11-25 03:25:21,2024-11-25 03:28:51,44b6efcecaa91529d39f73ec13,smc,3,,,,,,,4,0,3,1,2,2,4,,,,,,4,3,2,4,91,2,3,1,55,1,female,45_to_60,south_atlantic,android_mobile,10000_to_24999
114744882039,GEN X,2024-11-25 03:26:57,2024-11-25 03:28:22,fc14a68e7d7cc62eb0bfb31e3c,smc,1,1,,,2,,,,4,3,,,1,1,1,4,2,,3,,1,1,1,68,1,1,1,74,1,female,45_to_60,west_north_central,ios_mobile,75000_to_99999
114744881691,GEN X,2024-11-25 03:26:02,2024-11-25 03:27:38,861fad26fa8bb4831f78853755,smc,1,1,2,,,,,,,3,4,0,1,1,1,,,,,,1,1,1,82,1,1,1,78,1,female,45_to_60,middle_atlantic,android_mobile,75000_to_99999
114744881204,GEN X,2024-11-25 03:23:38,2024-11-25 03:26:30,2bbb53d07400ba2806eafcfed8,smc,2,,,,,,1,,,3,,2,2,4,,,,,1,2,3,2,2,14,1,2,2,4,1,female,30_to_44,east_north_central,android_mobile,no_answer
114744881182,GEN X,2024-11-25 03:25:46,2024-11-25 03:26:26,6d3d45aa6691b39e700053d998,smc,1,1,2,3,4,0,,,,,,,1,1,1,2,3,4,0,,1,1,1,91,1,1,1,92,1,male,45_to_60,pacific,android_mobile,125000_to_149999
114744881075,GEN X,2024-11-25 03:25:14,2024-11-25 03:26:10,82a74192c7335f62170558ce13,smc,1,1,2,3,4,,,,,,,,1,1,1,2,,3,,4,1,1,2,83,1,1,1,90,1,male,45_to_60,pacific,ios_mobile,25000_to_49999
114744881063,GEN X,2024-11-25 03:22:05,2024-11-25 03:26:06,804ebf561de96bf3ebe17fcf38,smc,2,2,3,1,4,0,,,,,,,2,3,2,3,4,0,1,,1,2,2,53,1,2,1,53,1,female,30_to_44,south_atlantic,android_mobile,50000_to_74999
114744880759,GEN X,2024-11-25 03:24:19,2024-11-25 03:25:25,c5d06d8ebf3b8b9e0e3f23176d,smc,1,1,2,3,4,0,,,,,,,1,1,1,2,3,4,0,,1,1,1,90,1,1,1,92,1,male,45_to_60,pacific,android_mobile,125000_to_149999
114744880682,GEN X,2024-11-25 03:24:43,2024-11-25 03:25:18,e0093ff10bb2533bfd9489017d,smc,2,,2,,,,,,,,,,2,3,2,,,,,,2,3,1,51,1,2,1,64,1,female,45_to_60,middle_atlantic,ios_mobile,150000_to_174999
114744880282,GEN X,2024-11-25 03:21:47,2024-11-25 03:24:20,88dc3330d629fa4480ea7c65e2,smc,2,,2,1,0,,,,3,4,,,2,3,2,,3,4,1,0,2,2,1,100,3,1,1,80,1,female,45_to_60,west_north_central,ios_mobile,50000_to_74999
114744880267,GEN X,2024-11-25 03:23:42,2024-11-25 03:24:19,c56725941ec97e882fd33d9819,smc,1,1,,,,,,,,,,,2,2,,,1,,,,1,2,2,55,1,1,2,74,1,male,45_to_60,middle_atlantic,android_mobile,150000_to_174999
114744879517,GEN X,2024-11-25 03:13:22,2024-11-25 03:22:49,875e7d3e722ece6bbf293297b6,smc,1,3,2,0,4,,1,,,,,,1,1,1,3,2,,4,,1,2,2,96,1,1,1,59,1,female,30_to_44,east_north_central,ios_mobile,75000_to_99999
114744879372,GEN X,2024-11-25 03:21:46,2024-11-25 03:22:34,cd7682bd512b6a022e850bad22,smc,2,,,,,,,,1,,,,2,2,,1,,,,,1,2,2,61,1,1,2,71,1,male,45_to_60,middle_atlantic,android_mobile,150000_to_174999
114744878641,GEN X,2024-11-25 03:18:50,2024-11-25 03:20:59,85ac633dda346850e70b071fd2,smc,1,,,1,,2,,,,,3,4,1,1,1,2,3,4,0,,1,1,1,100,1,1,1,100,1,male,30_to_44,pacific,ios_mobile,25000_to_49999
114744878239,GEN X,2024-11-25 03:18:34,2024-11-25 03:20:07,36b4d79d21fa8c35ab08df2023,smc,2,,,,,2,3,,,,,,2,3,,3,1,,,,2,2,1,85,2,1,2,56,1,female,45_to_60,south_atlantic,ios_mobile,0_to_9999
114744878040,GEN X,2024-11-25 03:16:40,2024-11-25 03:19:41,5c9753bcd81b63613a1fb726d9,smc,1,,,,,,,,,,,,2,4,,,,,,,2,2,4,92,2,2,2,50,1,female,45_to_60,south_atlantic,ios_mobile,125000_to_149999
114744877499,GEN X,2024-11-25 03:13:20,2024-11-25 03:18:33,c141c26b23cc1ccf939fcb63c2,smc,2,2,,,,,,,,,4,1,2,1,,,4,2,3,,3,1,1,70,1,1,2,67,1,male,45_to_60,pacific,android_mobile,50000_to_74999
114744876616,GEN X,2024-11-25 03:13:52,2024-11-25 03:16:41,7af1c6fba4f50bb4b1f18a4132,smc,2,0,1,,,,,,,,,,2,4,,,,2,,,1,2,3,31,3,1,3,6,1,female,45_to_60,mountain,ios_mobile,0_to_9999
114744876553,GEN X,2024-11-25 03:13:43,2024-11-25 03:16:33,fb3bcad464ed2498c94b812749,smc,2,2,1,,4,0,,,,,,,2,2,1,2,3,4,0,,1,1,2,46,1,1,1,54,1,male,45_to_60,mountain,android_mobile,50000_to_74999
114744876153,GEN X,2024-11-25 03:14:22,2024-11-25 03:15:42,81f4c1357899bab1904cdb0b30,smc,1,2,1,,4,3,,,,,0,,1,2,4,3,2,,0,,1,1,1,100,1,1,1,100,1,female,45_to_60,middle_atlantic,ios_mobile,200000_and_up
114744875626,GEN Y,2024-11-25 03:12:45,2024-11-25 03:14:30,305242c62785162aedb6e90810,smc,1,2,,,3,,,,,,1,0,1,1,,1,2,,4,3,1,1,1,100,1,1,1,100,1,male,30_to_44,middle_atlantic,android_mobile,200000_and_up
114744875616,GEN Y,2024-11-25 03:13:18,2024-11-25 03:14:28,f12374ce5c4070e2b9e00d9544,smc,1,4,0,3,,,,,,,,,1,1,3,,4,0,,,1,1,1,100,1,1,1,100,1,female,30_to_44,pacific,android_mobile,150000_to_174999
114744875086,GEN Y,2024-11-25 03:12:58,2024-11-25 03:13:25,738123c5bbb4564e938f54acdb,smc,2,1,,,,,,,,,,,2,2,1,,,,,,1,1,2,54,1,1,1,58,1,male,30_to_44,pacific,android_mobile,175000_to_199999
114744875027,GEN Y,2024-11-25 03:12:30,2024-11-25 03:13:16,0ef725dc4deab82d630513f570,smc,2,1,2,3,4,0,,,,,,,2,2,1,2,3,4,0,,1,1,1,61,1,1,1,68,1,male,30_to_44,pacific,android_mobile,125000_to_149999
114744874670,GEN Y,2024-11-25 03:09:44,2024-11-25 03:12:28,edad666d56eca7e5123f431708,smc,2,,,,,,,,,,,,2,3,1,4,3,2,,0,1,1,3,14,1,1,1,6,1,male,30_to_44,middle_atlantic,ios_mobile,10000_to_24999
114744874527,GEN Y,2024-11-25 03:09:08,2024-11-25 03:12:09,712a0017ca8d95b63bbc43a122,smc,2,4,,,3,,,,,,,,2,4,4,0,3,2,1,,2,2,4,0,3,2,2,0,3,female,30_to_44,pacific,android_mobile,50000_to_74999
114744874441,GEN Y,2024-11-25 03:07:19,2024-11-25 03:11:58,d1ad543e176008892c190f88bb,smc,1,3,,1,2,4,,,,0,,,1,1,1,2,4,3,,,1,1,2,100,1,1,1,100,1,male,30_to_44,middle_atlantic,android_mobile,200000_and_up
114744874315,GEN Y,2024-11-25 03:05:00,2024-11-25 03:11:42,fd3047bcd91cc19b353c906798,smc,4,,,,,,,,,,,,1,1,1,3,2,,,0,1,1,1,100,1,1,1,100,1,male,30_to_44,middle_atlantic,android_mobile,200000_and_up
114744874304,GEN X,2024-11-25 03:01:25,2024-11-25 03:11:41,003d7938fd4e012e58c1f59e22,smc,2,0,,,,,,,,,,,2,3,0,,,,,,3,2,5,80,3,2,3,80,3,male,45_to_60,west_south_central,ios_mobile,50000_to_74999
114744874272,GEN Z,2024-11-25 03:06:53,2024-11-25 03:11:37,92fddbdf810d6ee3566c8dc8b8,smc,2,,3,4,,,,1,,2,,0,2,2,2,0,4,1,,3,2,2,3,16,3,2,2,23,1,female,18_to_29,south_atlantic,other,50000_to_74999
114744873748,GEN Y,2024-11-25 03:08:36,2024-11-25 03:10:24,901134c97f3e9ebbd3a6f6d789,smc,2,,,,,,,,3,1,2,4,1,1,,,2,3,,1,1,1,2,87,1,1,2,92,1,male,30_to_44,pacific,ios_mobile,25000_to_49999
114744873713,GEN Y,2024-11-25 03:08:09,2024-11-25 03:10:19,537c0746ca9886d8208e007010,smc,2,1,2,3,4,0,,,,,,,1,2,1,2,3,4,0,,1,1,1,100,1,1,1,100,2,female,30_to_44,east_north_central,android_mobile,50000_to_74999
114744873636,GEN Y,2024-11-25 03:02:58,2024-11-25 03:10:07,2e350bd18369417d66070a6036,smc,1,,1,,,,0,,,2,4,3,1,1,2,1,,4,0,3,1,1,1,100,1,1,1,100,1,male,30_to_44,middle_atlantic,android_mobile,175000_to_199999
114744873427,GEN Y,2024-11-25 03:08:19,2024-11-25 03:09:40,0da6eff215960fb1ec9d3d032f,smc,3,0,,,,,,,,,,,4,5,0,,,,,,3,4,5,7,3,3,3,0,3,female,30_to_44,east_south_central,android_mobile,0_to_9999
114744873397,GEN X,2024-11-25 03:08:11,2024-11-25 03:09:37,09990ffe054593e243ba1d3b25,smc,1,1,,,,,,,,,,,1,1,1,,,,,,1,1,1,100,1,1,1,100,1,female,45_to_60,west_north_central,android_mobile,100000_to_124999
114744872997,GEN Y,2024-11-25 03:06:49,2024-11-25 03:08:45,73a4064a22d62f2ab60cfd06f5,smc,2,1,2,3,4,0,,,,,,,2,1,1,2,3,4,0,,1,1,2,85,1,1,2,77,1,female,30_to_44,west_north_central,ios_mobile,25000_to_49999
114744872998,GEN Y,2024-11-25 03:07:28,2024-11-25 03:08:45,886deec8f1be76b391cc5e8b71,smc,2,1,2,3,4,0,,,,,,,3,2,4,3,2,1,,,2,2,2,35,1,1,2,39,1,male,18_to_29,middle_atlantic,ios_mobile,10000_to_24999
114744872903,GEN Y,2024-11-25 03:07:35,2024-11-25 03:08:30,599e985aa9710475a8400d0787,smc,1,,,,,,,,,,,,1,1,,,,,,,1,1,2,72,1,1,1,68,1,male,30_to_44,west_south_central,ios_mobile,50000_to_74999
114744872865,GEN Y,2024-11-25 03:07:40,2024-11-25 03:08:27,8c358e2a59afb2796420c5abff,smc,1,,,,,,,,,,,,1,1,,,,,,,1,1,1,95,1,1,2,84,1,male,30_to_44,west_south_central,ios_mobile,50000_to_74999
114744872828,GEN Y,2024-11-25 03:07:01,2024-11-25 03:08:21,fa35314e416ff241d27894e022,smc,1,,4,3,,2,,,1,,0,,1,2,,,2,1,3,4,1,1,2,66,1,1,1,50,1,male,30_to_44,pacific,ios_mobile,50000_to_74999
114744872651,GEN Z,2024-11-25 03:03:25,2024-11-25 03:07:59,43d1a5534465c0de857fae0302,smc,2,2,,3,1,,4,,0,,,,2,4,4,3,1,,0,,1,3,1,60,2,1,2,37,3,male,18_to_29,west_south_central,ios_mobile,0_to_9999
114744872348,GEN Z,2024-11-25 03:06:30,2024-11-25 03:07:22,0276640a61c0633cb22c755f81,smc,1,1,,4,3,2,,,,,,,3,4,1,2,,3,,,2,2,2,61,2,2,1,61,3,male,18_to_29,west_north_central,android_mobile,0_to_9999
114744872085,GEN Z,2024-11-25 03:06:05,2024-11-25 03:06:48,4f7abbbe78fc3882df80bca39c,smc,1,,,,,1,2,,,,,,1,1,1,,,,,2,2,2,1,45,1,2,1,62,1,male,18_to_29,west_south_central,android_mobile,10000_to_24999
114744871804,GEN Y,2024-11-25 03:04:46,2024-11-25 03:06:13,068d424b51201db7386a3ab0d4,smc,1,,,,1,,,,,,,,2,1,1,,,,,,1,2,2,100,1,1,1,96,1,female,30_to_44,middle_atlantic,android_mobile,75000_to_99999
114744871535,GEN Y,2024-11-25 03:04:53,2024-11-25 03:05:41,8cdee30421c2c56175452feb84,smc,2,,,,1,,,,,,,,2,1,1,,,,,,1,1,1,58,1,1,1,50,1,male,30_to_44,pacific,android_mobile,200000_and_up
114744871498,GEN Y,2024-11-25 03:04:54,2024-11-25 03:05:38,e93da50a529b7e9b41e90226ec,smc,1,,,,,,1,,2,3,,4,1,1,1,2,3,4,,,1,1,1,56,1,1,1,61,1,male,30_to_44,south_atlantic,ios_mobile,50000_to_74999
114744871411,GEN Y,2024-11-25 03:03:09,2024-11-25 03:05:26,44494430e1bc5401bb4b930cc1,smc,2,,,,,,,1,0,3,2,4,2,3,,2,3,4,0,1,2,2,2,57,1,1,2,70,1,female,30_to_44,pacific,android_mobile,75000_to_99999
114744871051,GEN Z,2024-11-25 03:03:05,2024-11-25 03:04:33,571450663918474565ef423bf2,smc,2,,,,,2,,,1,4,,3,2,2,,1,,2,3,4,1,1,1,49,1,1,2,50,1,female,18_to_29,mountain,android_mobile,25000_to_49999
114744870985,GEN Z,2024-11-25 03:01:22,2024-11-25 03:04:23,ce791f7915b84ce2096d737588,smc,2,2,4,,1,0,,,,,,,1,2,1,4,,3,2,0,1,1,2,19,1,2,2,70,1,female,18_to_29,west_south_central,ios_mobile,25000_to_49999
114744870723,GEN Y,2024-11-25 03:02:26,2024-11-25 03:03:55,68fa2316ac29802df50d120800,smc,3,,,1,,,,,,,,,3,2,1,,,,,,3,4,5,0,3,3,3,0,3,female,30_to_44,mountain,android_mobile,0_to_9999
114744870550,GEN Y,2024-11-25 03:01:57,2024-11-25 03:03:37,26601744bc2f5a137896d7e273,smc,2,2,,,,,,,1,,,,1,2,1,,2,,,,1,1,2,51,1,1,1,57,1,male,30_to_44,pacific,android_mobile,25000_to_49999
114744857289,GEN Y,2024-11-25 02:26:37,2024-11-25 02:29:05,29fcb8aedc74261dc725875c1b,smc,2,1,2,3,4,0,,,,,,,2,2,1,2,3,4,0,,1,1,1,73,1,1,1,72,2,male,30_to_44,pacific,ios_mobile,100000_to_124999
114744854883,GEN Z,2024-11-25 02:20:02,2024-11-25 02:22:30,a765f1019e37aa8163120bbbb3,smc,2,1,,,,2,,,,3,,,2,2,,,1,,2,3,1,4,3,20,1,2,1,0,3,female,18_to_29,pacific,ios_mobile,25000_to_49999
114744853542,GEN Y,2024-11-25 02:08:21,2024-11-25 02:18:45,39d539ead32a7fba78a2fecb39,smc,3,1,,,2,3,4,,,0,,,2,4,1,,0,2,3,4,3,4,5,54,2,1,2,54,3,female,18_to_29,mountain,android_mobile,150000_to_174999
114744846178,GEN Y,2024-11-25 01:54:29,2024-11-25 01:56:15,5d4d8e7c861a270b147822b94c,smc,1,,2,3,4,0,,,,,,1,1,1,1,2,3,4,,,1,1,1,96,1,1,1,86,1,male,30_to_44,middle_atlantic,android_mobile,125000_to_149999
114744839763,GEN Z,2024-11-25 01:35:20,2024-11-25 01:36:29,af6112215645136549bb87ee51,smc,2,1,,3,4,0,2,,,,,,1,1,1,2,3,4,0,,1,1,1,23,1,1,1,23,1,male,18_to_29,,ios_mobile,125000_to_149999
114744836908,GEN Y,2024-11-25 01:24:38,2024-11-25 01:27:22,ff19f508568c782c4a39079237,smc,2,,,,,,,,,,,,1,3,1,4,3,,2,0,1,2,1,89,2,1,1,49,2,male,30_to_44,middle_atlantic,ios_mobile,75000_to_99999
114744831925,GEN X,2024-11-25 01:08:05,2024-11-25 01:12:03,6c21e7e8dcb3a05be7659b2baa,smc,2,,,1,2,,,,4,,3,0,1,2,2,3,1,,,4,1,2,2,64,1,1,1,49,1,male,45_to_60,south_atlantic,android_mobile,50000_to_74999
114744821541,GEN Z,2024-11-25 00:38:27,2024-11-25 00:39:20,6b257d80e3bbc107b26d46b232,smc,3,4,,,3,2,,,,,,,2,2,1,,3,4,2,,2,2,1,59,2,2,1,30,2,male,18_to_29,middle_atlantic,ios_mobile,50000_to_74999
114744818855,GEN X,2024-11-25 00:28:19,2024-11-25 00:31:07,a1df86d3105fa2e11e51403e5a,smc,3,2,3,1,4,0,,,,,,,3,3,3,1,2,4,,,1,1,2,56,1,1,1,34,1,male,45_to_60,pacific,android_mobile,25000_to_49999
114744817898,GEN Y,2024-11-25 00:23:07,2024-11-25 00:28:03,55800f73b3c9d183715a9a8322,smc,1,2,1,3,4,,,,,,,0,1,1,2,1,,4,3,0,1,1,1,100,1,1,1,100,1,male,30_to_44,middle_atlantic,android_mobile,200000_and_up
114744815897,GEN Y,2024-11-25 00:19:59,2024-11-25 00:20:53,e48c87e5b8ad69f86fcfc99989,smc,1,1,,,,,,,,,,,1,1,1,,,,,,1,1,1,41,1,1,1,30,1,male,30_to_44,east_south_central,ios_mobile,25000_to_49999
114744810581,GEN Z,2024-11-25 00:01:53,2024-11-25 00:02:52,9c39b8a236516420132f674dd1,smc,2,2,,,3,,4,,1,0,,,2,3,0,3,2,,1,4,3,2,4,95,1,2,2,89,2,female,18_to_29,south_atlantic,ios_mobile,50000_to_74999
114744798152,GEN Z,2024-11-24 21:17:14,2024-11-24 23:26:03,88db6fa43f1b7624d6c374e0ea,smc,2,,4,,1,,3,0,,,2,,3,2,0,2,3,4,1,,1,2,1,81,1,1,1,57,3,female,18_to_29,mountain,ios_mobile,25000_to_49999
114744798078,GEN Z,2024-11-24 23:21:55,2024-11-24 23:25:51,2f9d37d666c40d2ce81791ffc7,smc,2,,,,4,,3,,2,,1,0,4,1,,2,1,0,3,4,1,1,1,100,1,1,1,100,1,male,18_to_29,middle_atlantic,ios_mobile,25000_to_49999
114744796691,GEN Z,2024-11-24 23:17:38,2024-11-24 23:21:36,469ce962831b112fe12165a9c0,smc,3,,,,,0,4,3,2,1,,,3,3,1,4,0,2,,3,1,1,3,42,1,1,2,56,2,female,18_to_29,pacific,ios_mobile,25000_to_49999
114744796496,GEN X,2024-11-24 23:20:05,2024-11-24 23:21:00,5a2ea24fee2bc3d2048af9b45c,smc,2,,,,2,,,4,,3,,1,3,5,1,,2,3,,4,3,4,4,26,2,2,2,53,3,male,45_to_60,east_south_central,ios_mobile,10000_to_24999
114744795124,GEN X,2024-11-24 23:15:36,2024-11-24 23:16:30,fe537348068ec08e433edda0de,smc,1,1,2,3,4,0,,,,,,,1,2,1,3,2,4,0,,1,2,1,84,1,1,1,85,1,male,45_to_60,middle_atlantic,android_mobile,125000_to_149999
114744792960,GEN X,2024-11-24 23:07:02,2024-11-24 23:10:08,9a45c7620b2a7a0b2fb8eec8d1,smc,2,2,1,,,,,3,,,4,,2,4,2,1,,3,,,2,2,3,35,1,2,1,41,1,male,30_to_44,east_north_central,ios_mobile,25000_to_49999
114744790267,GEN X,2024-11-24 23:01:22,2024-11-24 23:02:21,fe2ac1a09a61d47d508b22879e,smc,2,,,,,,4,,1,,3,2,3,2,,,1,2,,3,1,1,1,54,1,1,1,49,1,female,30_to_44,pacific,ios_mobile,25000_to_49999
114744789335,GEN X,2024-11-24 22:58:31,2024-11-24 22:59:24,7cafc18a2c547ef4e218757c29,smc,3,,,,,,,,,,,,3,2,0,,4,3,,2,1,4,5,22,3,3,2,28,3,female,45_to_60,south_atlantic,ios_mobile,100000_to_124999
114744789199,GEN Y,2024-11-24 22:44:58,2024-11-24 22:58:54,18445bb089e9b627366ac36c91,smc,2,,1,,2,,,3,4,0,,,2,1,2,0,4,,1,3,1,1,2,90,2,1,1,50,1,male,30_to_44,mountain,android_mobile,200000_and_up
114744789140,GEN Z,2024-11-24 22:56:54,2024-11-24 22:58:44,f6203329018623376356d64950,smc,3,,,,,,,,,,,,2,3,4,,,,,,3,2,2,61,1,3,1,21,1,male,18_to_29,pacific,ios_mobile,50000_to_74999
114744788740,GEN Y,2024-11-24 22:54:46,2024-11-24 22:57:26,3f533d4bf37f250b67c7cfe255,smc,1,,,1,,,,,,,,,2,1,1,,,,,,1,2,4,82,1,1,1,61,1,male,30_to_44,west_south_central,ios_mobile,100000_to_124999
114744788237,GEN Y,2024-11-24 22:52:45,2024-11-24 22:55:57,76d9ea5a851ce2e7a93bdf2a4f,smc,2,,,1,3,,4,0,,,2,,2,2,,3,2,4,1,0,1,1,3,66,1,2,1,17,1,male,30_to_44,west_north_central,android_mobile,75000_to_99999
114744786497,GEN Y,2024-11-24 22:49:04,2024-11-24 22:50:30,e4e12525a502d19df7be0c5a6a,smc,2,,,2,,,,,1,,3,,2,1,1,,3,2,,4,1,1,2,83,1,1,1,8,1,female,30_to_44,east_north_central,ios_mobile,100000_to_124999
114744786441,GEN Y,2024-11-24 22:41:36,2024-11-24 22:50:19,b43a24dd57d314830b3531af8f,smc,2,4,3,2,1,,,,,,0,,2,4,2,1,3,4,,0,1,1,1,90,3,1,1,70,1,male,30_to_44,mountain,android_mobile,10000_to_24999
114744785110,GEN Y,2024-11-24 22:45:24,2024-11-24 22:46:13,07df03cc2bcf12fb2ed291bd58,smc,3,,,3,,2,,,,,,,2,3,1,,,,2,,3,4,3,85,3,2,3,46,2,male,18_to_29,pacific,android_mobile,no_answer
114744782492,GEN Z,2024-11-24 22:36:22,2024-11-24 22:38:26,677c5b3e742e01f3ca4c54091d,smc,3,4,2,,,3,1,,0,,,,3,3,1,2,3,4,0,,3,4,5,10,3,3,3,11,3,female,18_to_29,pacific,ios_mobile,50000_to_74999
114744782392,GEN X,2024-11-24 22:36:33,2024-11-24 22:38:09,4d4fe98e7b02b412cefacd349c,smc,2,1,2,3,4,0,,,,,,,2,2,1,2,3,4,0,,3,4,5,49,3,3,3,47,3,female,45_to_60,west_south_central,ios_mobile,no_answer
114744782330,GEN X,2024-11-24 22:35:52,2024-11-24 22:38:00,05fae68240848562fe32aa75dc,smc,1,,,,1,,,,,,,,1,2,1,,,,,,1,1,1,83,1,1,1,74,1,female,45_to_60,pacific,android_mobile,100000_to_124999
114744781808,GEN Z,2024-11-24 22:32:10,2024-11-24 22:36:21,fd2c6e7f56e40a1989c1430c93,smc,2,,3,,,,0,,,4,2,1,2,3,2,0,3,,4,1,2,2,1,77,1,3,1,100,3,female,18_to_29,mountain,ios_mobile,0_to_9999
114744781722,GEN X,2024-11-24 22:34:26,2024-11-24 22:36:07,00238610798a77b09b160ed343,smc,1,1,2,3,4,0,,,,,,,1,1,1,2,3,4,0,,1,1,1,100,1,1,1,100,1,male,45_to_60,middle_atlantic,android_mobile,200000_and_up
114744778814,GEN X,2024-11-24 22:25:44,2024-11-24 22:27:28,827045c09d920441fe58cc9922,smc,3,1,2,,,3,,,,,4,,2,4,1,2,3,,4,0,2,2,2,49,2,2,2,52,1,male,45_to_60,middle_atlantic,ios_mobile,75000_to_99999
114744778359,GEN X,2024-11-24 22:19:47,2024-11-24 22:26:03,7492e956ca2a532221614f5b91,smc,2,,,,,4,2,1,,,0,3,2,3,2,,4,1,0,3,1,1,5,60,2,1,1,56,1,female,45_to_60,middle_atlantic,android_mobile,50000_to_74999
114744776083,GEN Y,2024-11-24 22:16:17,2024-11-24 22:19:43,177c1c304535f9e584cd2cae46,smc,2,,,,0,,,,,,,,1,3,,,2,,,,2,2,4,100,1,3,2,100,1,female,30_to_44,pacific,ios_mobile,25000_to_49999
114744775450,GEN Y,2024-11-24 19:54:46,2024-11-24 22:17:49,3098ebd0453c20addfacb7ce52,smc,3,1,,2,3,4,,0,,,,,2,1,1,3,4,,2,,1,4,5,37,2,1,1,21,3,male,30_to_44,mountain,ios_mobile,75000_to_99999
114744774020,GEN Y,2024-11-24 22:08:56,2024-11-24 22:13:44,d3e6a18b6a0e2b2ea7af81efd0,smc,2,3,2,,,,,,,,4,1,1,2,2,1,3,,,4,1,2,1,50,2,2,2,25,1,male,30_to_44,mountain,android_mobile,50000_to_74999
114744773794,GEN X,2024-11-24 22:08:43,2024-11-24 22:13:05,d00fb60ba29dec683adbba9400,smc,3,,2,4,,,3,,,,,,2,4,2,4,,3,,,2,2,3,75,1,2,2,87,1,female,45_to_60,new_england,ios_mobile,100000_to_124999
114744772535,GEN Y,2024-11-24 22:08:20,2024-11-24 22:09:33,2386f5344dcd1ee64d663af150,smc,2,1,,,4,3,2,,,,,,2,2,1,4,,3,2,,1,2,2,68,1,1,1,53,1,female,30_to_44,new_england,ios_mobile,100000_to_124999
114744772189,GEN Z,2024-11-24 21:16:52,2024-11-24 22:08:32,29d4aa4c5a13cddb2d4cf59e17,smc,3,,,,,,,,,,,,4,5,0,4,2,,3,1,3,4,5,0,3,3,3,0,3,female,18_to_29,south_atlantic,ios_mobile,25000_to_49999
114744770468,GEN X,2024-11-24 22:01:25,2024-11-24 22:03:45,fd39683df5b6a694919bc6ffb6,smc,3,,,0,,,,,,,,,2,4,,,4,,,,1,1,4,10,2,1,1,3,1,female,45_to_60,east_north_central,ios_mobile,75000_to_99999
114744769688,GEN Y,2024-11-24 21:57:24,2024-11-24 22:01:47,8ec73e33b4f42305f2abdd486b,smc,3,,,,2,,,,,,,3,2,5,,2,,3,,,2,2,4,100,3,2,3,100,3,female,30_to_44,south_atlantic,ios_mobile,10000_to_24999
114744769281,GEN Y,2024-11-24 21:53:53,2024-11-24 22:00:42,6e65904318d5724d2a0b60ca7d,smc,2,,,,3,2,0,,4,,,1,2,2,1,2,,3,4,,1,2,5,100,1,1,1,100,3,female,30_to_44,east_south_central,ios_mobile,100000_to_124999
114744768613,GEN Z,2024-11-24 21:56:24,2024-11-24 21:58:48,099801148a1d7347ba519749a3,smc,2,4,,,,,,,,,1,3,1,1,2,4,1,3,0,,1,2,4,57,1,2,2,72,1,male,18_to_29,middle_atlantic,ios_mobile,75000_to_99999
114744768291,GEN Y,2024-11-24 21:54:18,2024-11-24 21:57:49,169f19cedade7b1a648a6eb3bd,smc,2,0,1,3,,,,,4,,,2,2,3,1,3,2,4,0,,1,2,2,78,2,1,1,68,1,female,30_to_44,east_north_central,ios_mobile,200000_and_up
114744768123,GEN Y,2024-11-24 21:54:04,2024-11-24 21:57:23,6763b94e7df6ae205cef3a2a80,smc,2,3,4,2,1,0,,,,,,,2,1,1,,3,4,2,,1,2,1,54,2,1,1,15,2,male,30_to_44,middle_atlantic,ios_mobile,50000_to_74999
114744767753,GEN Z,2024-11-24 21:48:25,2024-11-24 21:56:23,a941b8a781359ed0c8196ad365,smc,2,1,2,3,4,,0,,,,,,2,3,1,2,3,4,,0,2,2,2,100,1,2,2,54,1,female,18_to_29,pacific,ios_mobile,75000_to_99999
114744767282,GEN X,2024-11-24 21:52:27,2024-11-24 21:54:58,d3f8ebc869555863bf7031e3d1,smc,2,0,,4,3,2,,,,,,,2,4,1,,3,4,,2,1,1,1,100,2,1,2,100,1,female,45_to_60,pacific,ios_mobile,50000_to_74999
114744766794,GEN Y,2024-11-24 21:45:41,2024-11-24 21:53:33,357114598cc1644dc1afd25ff8,smc,2,,2,,,1,,,,,,,2,4,,,,1,2,,3,4,3,64,2,2,3,41,1,female,30_to_44,west_south_central,android_mobile,75000_to_99999
114744763993,GEN X,2024-11-24 21:43:43,2024-11-24 21:46:05,b09011bac6d8d833d588a080f0,smc,2,,1,2,3,4,0,,,,,,2,4,3,4,1,0,2,,3,4,2,91,2,1,1,94,1,female,45_to_60,new_england,ios_mobile,25000_to_49999
114744763923,GEN X,2024-11-24 21:40:10,2024-11-24 21:45:54,ad14c66d18f2e668fbdb220c06,smc,2,,,1,3,4,,2,,,,0,2,2,,3,,1,,,1,1,3,76,1,2,1,24,1,female,45_to_60,mountain,android_mobile,50000_to_74999
114744763419,GEN Y,2024-11-24 21:40:35,2024-11-24 21:44:30,fcacd51ac6431881195283729a,smc,2,2,1,3,4,0,,,,,,,2,2,1,2,3,4,0,,1,1,1,75,3,1,1,58,1,male,30_to_44,south_atlantic,android_mobile,125000_to_149999
114744762808,GEN X,2024-11-24 21:37:37,2024-11-24 21:42:37,48376414ed6b65af8fb9569c4d,smc,2,2,,,,1,4,,3,0,,,1,1,1,2,4,,3,0,1,1,2,67,1,1,2,67,2,female,45_to_60,mountain,android_mobile,75000_to_99999
114744762568,GEN Z,2024-11-24 21:38:59,2024-11-24 21:41:52,a10d32e4ca2af2b967685d841f,smc,3,,,,,,,,,,,,3,4,,,,,,,3,4,2,70,1,2,1,40,1,female,18_to_29,west_north_central,ios_mobile,10000_to_24999
114744762250,GEN Z,2024-11-24 21:38:57,2024-11-24 21:40:59,01e027f36826b4748a37cd4931,smc,2,,2,3,4,,,,,,,,3,3,,3,2,,,,2,2,2,48,2,2,1,47,1,female,18_to_29,south_atlantic,ios_mobile,50000_to_74999
114744762102,GEN Z,2024-11-24 21:38:55,2024-11-24 21:40:35,ae72cac759d7a37ebb27e49a15,smc,1,1,2,0,4,,,,,,,,2,2,,,,,,,1,1,5,59,1,1,3,53,3,female,18_to_29,south_atlantic,android_mobile,75000_to_99999
114744758680,GEN Z,2024-11-24 21:29:56,2024-11-24 21:31:05,0e528ca35742d7b14abd081753,smc,2,,2,3,,0,,1,,4,,,3,2,,1,,2,3,0,1,2,2,98,1,1,3,60,1,female,18_to_29,east_south_central,ios_mobile,100000_to_124999
114744758658,GEN Z,2024-11-24 21:29:47,2024-11-24 21:31:02,7198dbb0e80c58938029eb69b8,smc,1,,1,,,,,,,,,,2,2,1,2,,,,,1,1,3,71,1,1,1,12,2,male,18_to_29,west_north_central,ios_mobile,150000_to_174999
114744758181,GEN X,2024-11-24 21:24:21,2024-11-24 21:29:32,ecaf0837de02345032c5a513d8,smc,2,,4,,2,1,3,,,,,,2,3,3,0,1,4,2,,3,4,2,85,2,1,3,95,1,female,45_to_60,west_south_central,ios_mobile,0_to_9999
114744757481,GEN Y,2024-11-24 21:26:17,2024-11-24 21:27:33,e0e4a660aaad1638a6ef6abd65,smc,3,0,,,4,2,3,,,,,,2,3,,,3,,,,2,3,3,30,2,1,2,46,2,female,30_to_44,west_north_central,ios_mobile,10000_to_24999
114744757412,GEN Y,2024-11-24 21:26:11,2024-11-24 21:27:21,13cd064dd355175e1e874e766a,smc,3,,,,2,0,,,,4,,,2,3,0,2,,,1,3,2,4,5,59,2,1,2,52,2,male,30_to_44,middle_atlantic,ios_mobile,75000_to_99999
114744757177,GEN Z,2024-11-24 21:24:39,2024-11-24 21:26:44,203367a15454bb4effaf05e9d8,smc,2,3,2,0,,1,4,,,,,,2,3,,4,2,0,1,3,1,1,2,52,1,3,1,30,1,male,18_to_29,west_south_central,ios_mobile,50000_to_74999
114744755539,GEN Z,2024-11-24 21:20:15,2024-11-24 21:22:20,87050e00ac2b0b0ba683a9354d,smc,2,2,4,0,1,,,3,,,,,2,3,0,3,2,1,4,,3,2,5,27,1,3,1,65,1,male,18_to_29,pacific,ios_mobile,0_to_9999
114744755177,GEN Z,2024-11-24 21:19:07,2024-11-24 21:21:19,1c03360e66284cc906ed14fbbb,smc,3,,,1,2,3,4,,,,,,3,4,4,1,3,2,,,3,4,5,51,3,1,1,15,3,female,18_to_29,east_north_central,android_mobile,50000_to_74999
114744753896,GEN Z,2024-11-24 21:12:26,2024-11-24 21:17:49,2f340ce079674d97cdd4b5a3df,smc,1,1,2,,,,,,3,0,4,,2,2,1,3,2,0,,4,1,1,1,33,1,1,1,39,1,female,18_to_29,east_north_central,ios_mobile,50000_to_74999
114744751234,GEN Z,2024-11-24 21:09:05,2024-11-24 21:09:45,8ebe2eac49aaa0322230420574,smc,2,1,2,3,,4,0,,,,,,2,4,1,2,3,4,0,,2,3,2,65,2,2,2,67,2,male,18_to_29,new_england,ios_mobile,75000_to_99999
114744750653,GEN X,2024-11-24 21:04:02,2024-11-24 21:08:03,ba2111dc1b4a923df35fda76bf,smc,2,3,,,,1,,,,,2,4,2,3,2,,,3,1,4,1,1,2,100,1,2,1,100,1,male,45_to_60,south_atlantic,android_mobile,0_to_9999
114744750495,GEN X,2024-11-24 21:05:46,2024-11-24 21:07:33,400e52d916d03a90e9c46d1279,smc,3,,,,,,,,,,,0,3,2,,,,,,0,3,4,5,48,1,1,3,49,3,female,45_to_60,mountain,ios_mobile,50000_to_74999
114744750392,GEN Z,2024-11-24 18:52:04,2024-11-24 21:07:15,efbb2a61c5ec89f43ee9efb6a3,smc,1,1,3,2,,4,,0,,,,,2,2,1,2,0,4,3,,1,1,1,34,1,1,1,63,1,male,18_to_29,east_north_central,ios_mobile,50000_to_74999
114744750085,GEN X,2024-11-24 21:03:29,2024-11-24 21:06:23,34e2c001310493a239389d0fe3,smc,1,,,,,,,3,,,2,1,2,1,,,,1,3,2,1,1,1,51,1,1,1,25,1,male,45_to_60,east_south_central,android_mobile,25000_to_49999
114744750044,GEN Z,2024-11-24 21:03:10,2024-11-24 21:06:13,3b627935e787461b0a260d135f,smc,2,,1,,,,,3,2,4,,,2,2,,,1,3,2,,1,4,3,75,1,3,3,73,2,male,18_to_29,south_atlantic,android_mobile,25000_to_49999
114744749946,GEN Y,2024-11-24 20:59:04,2024-11-24 21:05:55,befc4a601c6ede53506ff87d94,smc,2,2,1,3,4,0,,,,,,,1,1,1,2,,0,,4,1,1,2,98,1,1,1,99,1,male,30_to_44,middle_atlantic,android_mobile,200000_and_up
114744747957,GEN Y,2024-11-24 20:58:26,2024-11-24 20:59:52,ec942729f40157e8235d530111,smc,1,,,0,,4,,,3,2,,1,2,1,0,3,,1,2,4,1,2,1,68,1,1,1,51,2,male,30_to_44,pacific,ios_mobile,75000_to_99999
114744747754,GEN Z,2024-11-24 18:11:52,2024-11-24 20:59:13,793beccd866da4e9144ac7cab7,smc,2,,,,,,,,,4,2,,2,2,,,,3,,,1,1,1,80,2,3,3,61,2,female,18_to_29,south_atlantic,ios_mobile,0_to_9999
114744747642,GEN Z,2024-11-24 20:57:59,2024-11-24 20:58:52,50f5f8fc12c268883d5456fc30,smc,1,3,,4,0,1,,,,,,2,2,2,1,3,,2,4,0,2,2,2,63,1,2,2,71,2,female,18_to_29,west_south_central,ios_mobile,25000_to_49999
114744746798,GEN Y,2024-11-24 20:54:46,2024-11-24 20:56:13,f82045c7c80f8d83f08632cf89,smc,2,,4,3,,2,1,0,,,,,2,3,1,2,3,4,0,,3,4,5,59,2,2,3,48,2,female,30_to_44,west_south_central,ios_mobile,100000_to_124999
114744746702,GEN Z,2024-11-24 20:52:48,2024-11-24 20:55:56,5d11c9d6b1f20ba952b61d0faf,smc,2,0,,,,,,,,,,,2,2,0,,,,,,1,2,3,36,1,1,1,10,1,male,18_to_29,south_atlantic,ios_mobile,no_answer
114744746402,GEN X,2024-11-24 20:50:37,2024-11-24 20:55:04,9d75481cca2f65ad01230a925c,smc,2,1,3,2,,0,,,,,,,1,2,2,1,3,4,0,,1,1,3,100,1,1,1,80,1,male,45_to_60,east_north_central,android_mobile,0_to_9999
114744746045,GEN X,2024-11-24 20:50:50,2024-11-24 20:53:59,8fa922e9e1e3b390bff3d65cad,smc,1,,3,1,,,,2,,,,,1,1,2,3,4,,,,1,1,3,77,1,1,1,76,1,male,30_to_44,west_north_central,android_mobile,200000_and_up
114744745393,GEN Y,2024-11-24 20:49:11,2024-11-24 20:51:58,60e012dcca1014e6f5816ac0c9,smc,2,0,,,,,,,,,,,1,2,2,3,4,,1,0,1,1,4,74,1,1,1,49,1,female,30_to_44,pacific,ios_mobile,50000_to_74999
114744745261,GEN Z,2024-11-24 20:48:57,2024-11-24 20:51:36,289f01adc97250d04f6d462dcb,smc,2,2,4,,1,3,,0,,,,,1,1,1,2,3,,4,0,1,1,1,27,1,1,1,44,1,male,18_to_29,west_north_central,ios_mobile,75000_to_99999
114744744605,GEN Z,2024-11-24 20:48:46,2024-11-24 20:49:36,dad1edbec738a81a444b718bdf,smc,2,,2,1,,,,,,,,,2,3,1,,,,2,,2,2,2,59,2,2,2,46,2,female,18_to_29,east_south_central,ios_mobile,0_to_9999
114744744521,GEN Z,2024-11-24 20:48:35,2024-11-24 20:49:22,477cdcbd09acfa06fafe714384,smc,3,1,2,3,4,0,,,,,,,3,2,1,2,3,4,,,2,1,2,35,2,2,2,31,1,female,18_to_29,pacific,ios_mobile,10000_to_24999
114744741570,GEN X,2024-11-24 20:36:21,2024-11-24 20:40:23,0756ac48ec0899436455c227a2,smc,1,,,,,,,,,,,,1,1,1,,2,,,,1,2,3,16,1,2,2,2,1,female,45_to_60,south_atlantic,ios_mobile,150000_to_174999
114744741150,GEN Y,2024-11-24 20:37:08,2024-11-24 20:39:08,e5a06ca4f500e02a2e4536f872,smc,2,,,,,,,,,,,,2,2,,,,,,,3,4,2,80,1,1,1,80,1,female,18_to_29,pacific,ios_mobile,no_answer
114744740425,GEN Z,2024-11-24 20:36:00,2024-11-24 20:36:48,62b7e0eee8988fb9ee9c47802c,smc,2,,,1,3,,2,4,,,,,2,2,1,3,2,4,,,1,2,2,54,1,2,1,52,1,male,18_to_29,new_england,ios_mobile,25000_to_49999
114744740171,GEN Z,2024-11-24 20:34:02,2024-11-24 20:36:04,c0891b056b14dad9c024ef84c6,smc,2,1,2,3,,4,,,0,,,,3,4,4,0,,3,1,2,1,3,2,69,1,2,1,100,1,female,18_to_29,middle_atlantic,ios_mobile,75000_to_99999
114744739914,GEN Z,2024-11-24 20:33:28,2024-11-24 20:35:13,72bdef89aab1ad1671f38b590c,smc,3,,1,,2,,3,,4,,0,,3,1,1,2,3,4,0,,1,1,2,52,1,2,1,56,1,female,18_to_29,west_north_central,ios_mobile,50000_to_74999
114744739281,GEN X,2024-11-24 20:30:41,2024-11-24 20:33:13,2b133dfa453ae58f1952eb226d,smc,2,0,,4,,2,1,3,,,,,1,4,2,3,4,1,,0,1,1,5,36,2,1,1,8,3,female,45_to_60,west_south_central,ios_mobile,10000_to_24999
114744739081,GEN Z,2024-11-24 20:30:54,2024-11-24 20:32:32,4b37edd1a8d4fc8df66788f97d,smc,2,1,,,,0,3,4,2,,,,4,3,4,1,2,,3,0,3,4,2,50,1,2,2,55,2,female,18_to_29,west_south_central,ios_mobile,25000_to_49999
114744739058,GEN Z,2024-11-24 20:30:52,2024-11-24 20:32:27,1d581a0f29ec4aae39520380db,smc,2,1,,2,0,3,,,,,,,2,4,,,2,,,,1,1,2,100,1,1,3,72,1,female,18_to_29,east_north_central,ios_mobile,50000_to_74999
114744738904,GEN Z,2024-11-24 20:28:21,2024-11-24 20:32:02,e44682d2b417cb472710c631bf,smc,2,,,,,,,,,,,,2,5,,,,,,,1,4,5,74,3,1,3,52,3,male,18_to_29,south_atlantic,ios_mobile,10000_to_24999
114744738549,GEN Y,2024-11-24 20:18:14,2024-11-24 20:30:55,a1ce6db24e8ac9591705dac839,smc,2,2,1,3,4,0,,,,,,,2,2,2,4,3,1,,,1,1,1,75,1,1,2,55,3,male,30_to_44,south_atlantic,android_mobile,125000_to_149999
114744738098,GEN Z,2024-11-24 20:28:08,2024-11-24 20:29:43,0d4e428caa72f2ffb41ed4bc77,smc,3,,2,4,3,0,,,,,,1,2,4,1,2,3,4,0,,2,2,3,5,1,2,2,9,2,male,18_to_29,mountain,ios_mobile,75000_to_99999
114744737967,GEN Z,2024-11-24 20:28:10,2024-11-24 20:29:20,baced8e59dc83ebda0400ff66a,smc,4,0,,,4,2,1,,3,,,,2,5,1,2,3,4,0,,3,4,3,57,3,3,2,40,1,female,18_to_29,west_north_central,ios_mobile,0_to_9999
114744737704,GEN X,2024-11-24 20:26:59,2024-11-24 20:28:42,f301d4a3997d6c1815cfb3b0ec,smc,2,,4,,,1,,,,,,3,2,2,,,4,3,1,2,2,2,2,72,1,2,1,36,2,male,45_to_60,middle_atlantic,ios_mobile,25000_to_49999
114744737370,GEN X,2024-11-24 20:24:13,2024-11-24 20:27:40,705f15b3230ef4451d8876ba1f,smc,1,0,4,2,3,,,,1,,,,1,2,1,3,2,4,0,,1,1,2,88,1,1,1,79,1,male,45_to_60,south_atlantic,ios_mobile,no_answer
114744737211,GEN X,2024-11-24 20:25:35,2024-11-24 20:27:09,21d07e96fd39a1cbb0b362615c,smc,2,,3,,,0,,2,1,4,,,2,2,2,3,0,1,,4,1,1,2,80,1,1,2,75,1,female,45_to_60,pacific,ios_mobile,no_answer
114744736544,GEN Y,2024-11-24 20:21:42,2024-11-24 20:25:11,7f5cc0eae22aea3e9903f82eb1,smc,3,4,3,,2,1,,0,,,,,3,3,,1,2,,3,4,1,1,5,68,3,1,1,27,1,female,30_to_44,west_north_central,android_mobile,no_answer
114744736029,GEN X,2024-11-24 20:18:36,2024-11-24 20:23:33,0649d0c256462926825e046021,smc,3,3,,,,0,2,,,,,1,3,5,2,,3,4,0,1,3,4,5,100,3,3,3,100,3,female,45_to_60,mountain,android_mobile,25000_to_49999
114744735228,GEN X,2024-11-24 20:18:35,2024-11-24 20:21:07,8c5212ffe666254e638671e9c6,smc,3,1,,3,2,4,,,0,,,,3,1,4,1,2,3,0,,1,2,2,83,1,1,2,86,2,male,45_to_60,mountain,ios_mobile,50000_to_74999
114744734752,GEN Z,2024-11-24 20:18:25,2024-11-24 20:19:44,ad699409cbdf3245ebe20e3080,smc,2,1,2,3,4,0,,,,,,,2,2,1,2,3,4,0,,1,2,1,51,1,1,1,73,1,male,18_to_29,east_north_central,ios_mobile,100000_to_124999
114744734722,GEN Z,2024-11-24 20:18:31,2024-11-24 20:19:37,0e0ea97d92151dab8efec286e1,smc,2,,3,,0,2,,,1,,4,,2,2,1,,3,4,2,0,1,2,2,21,1,2,2,38,1,female,18_to_29,east_north_central,ios_mobile,100000_to_124999
114744734493,GEN Y,2024-11-24 20:17:51,2024-11-24 20:18:55,e89f2ea3846711b325bf59e693,smc,2,,,4,,3,,,2,1,,0,2,1,4,3,1,,2,0,2,3,2,80,1,2,2,67,1,male,30_to_44,east_north_central,ios_mobile,25000_to_49999
114744734468,GEN Y,2024-11-24 20:17:45,2024-11-24 20:18:52,fee5f5bdbe5010967588b3e4a8,smc,2,,,,,3,,,,,,,2,2,4,2,1,,3,0,1,4,5,51,1,1,1,49,3,female,30_to_44,east_north_central,ios_mobile,0_to_9999
114744733612,GEN Y,2024-11-24 20:14:04,2024-11-24 20:16:24,0a6c2f54cb24721d3dc4954d95,smc,2,3,2,,,,,,,,1,4,2,3,3,1,4,,2,,3,1,2,67,3,3,1,91,1,female,30_to_44,south_atlantic,ios_mobile,75000_to_99999
114744733012,GEN Z,2024-11-24 20:13:59,2024-11-24 20:14:35,b693657a15d753a052fee417fc,smc,3,,,,3,,,,,,,,3,3,,,3,,,,3,4,5,51,3,3,3,45,3,male,18_to_29,mountain,ios_mobile,0_to_9999
114744732758,GEN Y,2024-11-24 20:07:40,2024-11-24 20:13:46,045c2980e4f546a212f1bc423a,smc,2,2,3,1,,,,,,,4,,1,1,1,4,,,3,2,2,2,1,100,2,2,2,90,1,female,30_to_44,west_south_central,ios_mobile,50000_to_74999
114744731553,GEN Z,2024-11-24 20:08:44,2024-11-24 20:10:07,f44afef1c6229cbd874f8c3430,smc,3,0,,,,,,,,,,,3,4,0,,,,,,3,4,5,0,3,3,3,0,3,female,18_to_29,east_north_central,ios_mobile,no_answer
114744730643,GEN X,2024-11-24 20:05:48,2024-11-24 20:07:26,184e031d38371f39b549dfdc6b,smc,2,,,2,,,,,,4,3,1,1,4,,,,,2,1,1,1,3,38,2,2,1,34,2,female,45_to_60,east_north_central,android_mobile,0_to_9999
114744730503,GEN Y,2024-11-24 20:04:38,2024-11-24 20:06:58,3b1f367b060366fb47522455d1,smc,3,2,1,,3,,,4,,,,,2,2,1,2,3,4,,,1,1,2,15,1,2,1,18,1,male,30_to_44,east_south_central,android_mobile,25000_to_49999
114744730021,GEN Z,2024-11-24 20:03:28,2024-11-24 20:05:35,6ca5d7f20894ef84410ed01c31,smc,2,3,0,2,,,,4,,1,,,2,4,3,0,,2,,,3,2,3,52,3,2,3,14,1,female,18_to_29,west_north_central,ios_mobile,25000_to_49999
114744730009,GEN Z,2024-11-24 19:59:54,2024-11-24 20:05:32,5f1d123dced8811b996ec5890b,smc,1,2,0,3,,,,1,,4,,,2,1,1,,,,,,1,1,2,24,1,1,1,12,2,female,18_to_29,,ios_mobile,0_to_9999
114744729991,GEN X,2024-11-24 20:03:27,2024-11-24 20:05:29,5847cff86ccba6e5dfa66f6a9e,smc,2,,,,,0,4,3,2,1,,,2,4,2,,3,4,0,1,3,1,3,86,1,1,1,55,3,female,45_to_60,west_north_central,ios_mobile,125000_to_149999
114744729610,GEN X,2024-11-24 20:03:36,2024-11-24 20:04:24,929592c4b64a11384d2d853799,smc,3,,,,,,,,,0,,,2,2,2,,,,,,1,2,3,35,2,1,1,23,1,female,45_to_60,east_north_central,ios_mobile,10000_to_24999
114744729510,GEN Z,2024-11-24 20:03:22,2024-11-24 20:04:07,463ad5cf122484ccd3f1583a48,smc,2,2,,,3,,4,,0,,,,2,2,,1,,3,,0,2,2,1,46,2,2,2,77,1,female,18_to_29,pacific,ios_mobile,0_to_9999
114744729362,GEN Z,2024-11-24 20:01:33,2024-11-24 20:03:40,64966bbeacab1b5231bd70a7d6,smc,3,4,,,,,2,3,,,,1,3,4,,,,,,0,2,3,2,80,3,2,3,83,1,female,18_to_29,,ios_mobile,50000_to_74999
114744729326,GEN Z,2024-11-24 20:01:58,2024-11-24 20:03:36,922534487e9a40e1681644e3ab,smc,2,,,,,4,,,3,2,1,,2,2,,3,2,0,,1,2,2,1,74,1,2,2,61,2,male,18_to_29,south_atlantic,android_mobile,125000_to_149999
114744729078,GEN Y,2024-11-24 19:57:43,2024-11-24 20:02:59,5eb97e8dfb2589ee8d84878fa9,smc,1,,,3,1,,,,,2,,,1,2,2,3,,,1,,1,1,2,100,1,1,1,71,1,male,30_to_44,east_north_central,android_mobile,75000_to_99999
114744726806,GEN Z,2024-11-24 19:48:46,2024-11-24 19:56:29,ddc498ca045bfbd8f9f550f066,smc,2,,2,,1,,4,,,,0,3,2,3,1,2,3,4,,,1,2,1,58,1,1,2,2,2,male,18_to_29,east_north_central,ios_mobile,75000_to_99999
114744726048,GEN Y,2024-11-24 19:52:51,2024-11-24 19:54:08,9f078dce884cf80ce97eeeb05f,smc,3,1,2,3,4,0,,,,,,,3,5,1,2,3,4,0,,2,4,5,27,3,3,3,48,2,male,30_to_44,pacific,android_mobile,125000_to_149999
114744726047,GEN Y,2024-11-24 19:49:12,2024-11-24 19:54:08,35b2d6f290c609b707300d8df4,smc,3,4,0,3,2,,,1,,,,,2,4,,2,,1,4,3,2,2,4,24,3,2,3,17,2,female,30_to_44,south_atlantic,ios_mobile,10000_to_24999
114744725547,GEN Y,2024-11-24 19:50:13,2024-11-24 19:52:34,b071bfd32b5eb110c8ef3ac41e,smc,2,0,,3,2,4,1,,,,,,2,2,1,2,3,4,,,1,1,1,54,1,1,2,25,1,female,30_to_44,west_south_central,android_mobile,0_to_9999
114744724703,GEN Y,2024-11-24 19:49:14,2024-11-24 19:49:54,695a03a4ee0b6b28c90871b9d3,smc,1,2,1,,,0,4,,3,,,,1,2,3,2,1,,0,4,1,1,2,75,1,1,2,73,1,male,30_to_44,east_north_central,ios_mobile,75000_to_99999
114744724075,GEN Z,2024-11-24 19:47:05,2024-11-24 19:48:02,ba63cd55a43770e0729b4b7091,smc,1,2,,4,,3,,1,,,,,2,2,3,,2,4,1,,1,1,1,17,1,1,1,5,2,male,18_to_29,mountain,ios_mobile,50000_to_74999
114744723563,GEN Y,2024-11-24 19:43:20,2024-11-24 19:46:34,2167766ac05b8c1944d726ca54,smc,2,,,,1,2,,3,,4,0,,2,4,2,1,,3,0,4,1,1,3,50,1,1,1,50,1,female,30_to_44,pacific,android_mobile,no_answer
114744721918,GEN X,2024-11-24 19:39:33,2024-11-24 19:41:23,fed0886a0d52ca1b8b9beb044f,smc,1,,,,,,,,,,,,1,2,,,1,,,,1,3,1,40,2,2,1,62,3,male,45_to_60,middle_atlantic,android_mobile,100000_to_124999
114744721761,GEN Z,2024-11-24 19:38:48,2024-11-24 19:40:57,22e3b5e80789baf5bda52bf796,smc,2,1,,,2,,0,4,3,,,,1,2,1,2,3,4,,,1,2,1,2,1,2,1,5,2,male,18_to_29,pacific,ios_mobile,0_to_9999
114744721591,GEN X,2024-11-24 19:37:53,2024-11-24 19:40:25,c07b1eec1c50ef68dda3e5284e,smc,1,2,3,,,1,,,4,,,,1,4,1,,2,3,,4,2,1,2,92,2,1,1,47,2,male,45_to_60,new_england,ios_mobile,175000_to_199999
114744721553,GEN Z,2024-11-24 19:38:11,2024-11-24 19:40:17,8cb33f09c47ca9f71c139fa3b9,smc,2,1,2,3,4,0,,,,,,,2,2,1,2,3,4,0,,1,1,2,44,1,1,1,48,1,male,18_to_29,pacific,android_mobile,0_to_9999
114744721099,GEN X,2024-11-24 19:34:34,2024-11-24 19:39:08,341f1791036d38f399dc06c9d0,smc,2,1,,4,,,,2,,,,,2,2,2,,1,,,4,1,2,2,72,2,1,2,52,1,female,45_to_60,east_south_central,ios_mobile,125000_to_149999
114744720869,GEN Y,2024-11-24 19:34:45,2024-11-24 19:38:29,61ffced8ac8fa6c1da0a86708c,smc,3,0,2,4,,,1,3,,,,,2,2,3,4,,,1,2,1,1,2,79,1,1,1,76,1,female,30_to_44,west_south_central,ios_mobile,50000_to_74999
114744720797,GEN X,2024-11-24 19:34:19,2024-11-24 19:38:18,2737b7f4d36e29e830d122ce16,smc,2,1,0,,4,2,3,,,,,,2,1,,,3,2,4,,3,2,2,71,2,1,1,68,1,male,30_to_44,south_atlantic,android_mobile,0_to_9999
114744720759,GEN Z,2024-11-24 19:37:07,2024-11-24 19:38:10,067382918f211dc7a836d3ba07,smc,1,1,,,4,3,,2,,0,,,2,3,,3,4,2,1,0,2,2,2,30,1,2,1,25,2,male,18_to_29,pacific,ios_mobile,125000_to_149999
114744720365,GEN Y,2024-11-24 19:34:43,2024-11-24 19:37:05,2a2c0257cdef53c91aaf165691,smc,2,1,2,4,3,0,,,,,,,3,3,2,3,4,1,,0,1,1,4,59,1,1,1,61,1,female,30_to_44,middle_atlantic,ios_mobile,75000_to_99999
114744720168,GEN Y,2024-11-24 19:35:06,2024-11-24 19:36:30,272064bade218f92d8a77a2b60,smc,2,1,2,3,4,0,,,,,,,2,1,1,2,3,4,,,3,3,2,81,1,2,1,100,1,male,30_to_44,west_north_central,ios_mobile,25000_to_49999
114744720116,GEN Z,2024-11-24 19:33:37,2024-11-24 19:36:20,21eb4e7cc5b58dd6944253a276,smc,1,,,,0,4,1,3,2,,,,1,2,,1,2,0,3,,1,1,1,69,1,1,1,76,1,male,18_to_29,south_atlantic,ios_mobile,0_to_9999
114744719975,GEN Z,2024-11-24 19:34:54,2024-11-24 19:35:56,44765c9ee12d4c44ec1e893a90,smc,1,1,,,,,,,,,,,1,2,1,,,,,,1,2,2,68,1,1,1,43,1,male,18_to_29,pacific,ios_mobile,50000_to_74999
114744719050,GEN Z,2024-11-24 19:30:50,2024-11-24 19:33:12,a9c3e35f38a3f84b7e517f9419,smc,2,3,4,2,,0,,,1,,,,2,1,1,3,4,2,,0,1,2,1,26,2,1,2,20,1,male,18_to_29,middle_atlantic,ios_mobile,100000_to_124999
114744717708,GEN Z,2024-11-24 19:27:38,2024-11-24 19:29:03,a1a909c09f58be07ebf625caaf,smc,2,0,,2,1,4,3,,,,,,3,4,4,3,0,2,1,,2,2,2,58,1,2,2,38,1,female,18_to_29,east_north_central,ios_mobile,25000_to_49999
114744717657,GEN Z,2024-11-24 19:26:50,2024-11-24 19:28:52,bb7aa126ec85bcf94a4099ee0a,smc,2,,,,3,1,,,0,,2,4,3,4,2,0,4,1,,3,2,2,3,54,2,2,2,70,1,female,18_to_29,new_england,ios_mobile,25000_to_49999
114744717560,GEN Z,2024-11-24 19:27:02,2024-11-24 19:28:33,fe22a7176935e78d702abd79ba,smc,2,1,2,3,4,0,,,,,,,1,2,1,2,3,4,0,,1,1,1,70,1,1,1,78,1,male,18_to_29,west_south_central,android_mobile,no_answer
114744716386,GEN Y,2024-11-24 19:22:43,2024-11-24 19:24:48,db28c56b41b3c8edaadb88e493,smc,1,1,2,3,4,0,,,,,,,1,1,1,3,,4,0,2,1,1,2,51,1,1,1,78,1,male,30_to_44,pacific,ios_mobile,75000_to_99999
114744716302,GEN Y,2024-11-24 19:21:40,2024-11-24 19:24:34,1c03b0a3ac4cb0e442ad31d323,smc,3,,3,2,,,1,,,,,,2,3,,3,,,,,3,2,2,18,1,2,1,6,1,female,30_to_44,east_north_central,android_mobile,25000_to_49999
114744716193,GEN Z,2024-11-24 19:23:05,2024-11-24 19:24:14,602dc1efaf57a23e9301f10fe6,smc,2,0,,3,,,2,,,,1,4,2,4,1,4,3,2,0,,3,4,5,25,3,3,3,27,3,female,18_to_29,south_atlantic,ios_mobile,no_answer
114744716020,GEN Z,2024-11-24 19:18:57,2024-11-24 19:23:42,53949ef8257d2fcb07be78a299,smc,2,1,3,2,,0,,,,,,,2,4,4,3,2,,1,,1,2,4,53,1,2,3,48,1,female,18_to_29,pacific,android_mobile,no_answer
114744715934,GEN Y,2024-11-24 19:19:35,2024-11-24 19:23:29,a3aa58c89c2a1958626aa440ef,smc,1,,,,1,2,,3,,,,,1,1,,2,,3,,1,1,2,1,84,2,1,1,65,1,male,18_to_29,middle_atlantic,android_mobile,50000_to_74999
114744715389,GEN Z,2024-11-24 19:21:05,2024-11-24 19:21:50,d7716677b1720ae5f5d5e78859,smc,2,1,,,2,,3,0,,,4,,1,3,1,2,3,0,4,,2,1,1,22,1,1,1,34,1,female,18_to_29,pacific,ios_mobile,10000_to_24999
114744715335,GEN X,2024-11-24 19:12:59,2024-11-24 19:21:38,04b8924f9ab54763563910cf0c,smc,2,,,1,,0,,,,2,4,3,2,2,,,3,2,,1,1,2,2,43,1,2,1,35,1,female,45_to_60,middle_atlantic,android_mobile,50000_to_74999
114744714882,GEN Z,2024-11-24 19:19:14,2024-11-24 19:20:10,dd3256e7b1ed0382816416e012,smc,2,,2,3,4,0,,,,,,1,2,1,1,,2,,3,4,2,2,1,42,1,2,1,55,1,male,18_to_29,east_north_central,ios_mobile,0_to_9999
114744714477,GEN X,2024-11-24 19:16:05,2024-11-24 19:18:51,2f6d4cce27c1b4034b40b64ccf,smc,2,,,,1,3,,4,,2,,0,1,3,,3,2,0,1,4,1,2,1,23,1,1,1,90,1,female,45_to_60,east_north_central,ios_mobile,25000_to_49999
114744714236,GEN Y,2024-11-24 19:14:18,2024-11-24 19:18:01,2c81ed5be5bae7afb7416e42f0,smc,2,,,,,0,4,,,1,2,3,2,1,1,2,3,,0,4,2,2,3,46,3,2,2,41,3,male,30_to_44,south_atlantic,android_mobile,100000_to_124999
114744714076,GEN X,2024-11-24 19:16:02,2024-11-24 19:17:33,7c437f05a5d4a470843c5af06e,smc,1,3,,2,1,4,,0,,,,,1,1,1,3,4,0,,2,1,1,2,95,1,1,1,70,1,male,45_to_60,new_england,ios_mobile,150000_to_174999
114744713964,GEN X,2024-11-24 19:16:05,2024-11-24 19:17:09,637a89099ec9a0785350c2bb22,smc,3,,,2,,,,,,,,,3,4,,,,,3,,2,3,3,39,2,3,3,35,2,female,45_to_60,south_atlantic,ios_mobile,0_to_9999
114744713910,GEN Y,2024-11-24 19:14:16,2024-11-24 19:16:57,85e7fbe2557b9ad2f1416d880e,smc,2,,,,,,,2,4,3,1,0,2,3,2,0,4,,3,1,3,2,1,74,2,1,1,42,1,female,30_to_44,east_north_central,ios_mobile,50000_to_74999
114744713911,GEN Y,2024-11-24 19:15:10,2024-11-24 19:16:55,a643f1a70488717674b840a467,smc,1,1,2,,,0,4,,,3,,,1,1,,2,0,4,3,1,1,2,2,86,1,2,2,77,1,male,18_to_29,middle_atlantic,android_mobile,25000_to_49999
114744713829,GEN Y,2024-11-24 19:14:12,2024-11-24 19:16:41,8b816e5fc7f33173b4ef95a72f,smc,2,0,,,,,,,,,,,2,2,0,,,,,,1,1,3,70,1,1,1,20,1,male,30_to_44,mountain,ios_mobile,125000_to_149999
114744712923,GEN Y,2024-11-24 19:10:56,2024-11-24 19:13:45,925187ef1a896a70dba668e99c,smc,3,3,2,,,,,,,1,,,2,3,,2,,3,1,,2,2,1,65,2,3,2,50,2,male,30_to_44,pacific,android_mobile,75000_to_99999
114744712511,GEN Z,2024-11-24 19:08:29,2024-11-24 19:12:29,9f9aee106dd582f5dde02b1908,smc,3,3,,,2,,,4,,,,0,1,4,1,2,3,4,0,,1,1,2,67,1,2,2,78,1,male,18_to_29,south_atlantic,android_mobile,75000_to_99999
114744712407,GEN Y,2024-11-24 19:08:01,2024-11-24 19:12:10,c7eb55012cdbb476a6797d7412,smc,2,,,2,1,,,3,,,,,2,4,1,,2,,,,1,2,1,3,3,1,1,5,1,male,30_to_44,west_south_central,android_mobile,125000_to_149999
114744712245,GEN Z,2024-11-24 18:59:36,2024-11-24 19:11:41,d3587a045eb4a0ae117980d19e,smc,3,0,,,,,,,,,,,3,4,0,,,,,,1,2,2,70,2,1,1,60,3,female,18_to_29,pacific,ios_mobile,100000_to_124999
114744712155,GEN Z,2024-11-24 19:08:23,2024-11-24 19:11:25,54c4ab62d45d3836c26b2a3f35,smc,2,,,1,2,,,,,,,,1,1,1,,2,,,,1,1,1,75,2,2,2,22,1,male,18_to_29,middle_atlantic,ios_mobile,150000_to_174999
114744711690,GEN X,2024-11-24 19:08:15,2024-11-24 19:09:52,0003fa08b17ed5ec366d08b5b9,smc,2,1,2,,3,0,4,,,,,,2,2,1,,,,,,1,1,2,91,1,1,1,84,1,female,45_to_60,middle_atlantic,ios_mobile,25000_to_49999
114744711669,GEN Y,2024-11-24 19:09:01,2024-11-24 19:09:48,0ff0f333a2ec834ff980d5ec2d,smc,3,1,,,,,,,,,,,2,2,,,1,,,,3,3,3,29,3,3,2,39,2,male,30_to_44,east_north_central,android_mobile,25000_to_49999
114744711491,GEN Z,2024-11-24 19:08:19,2024-11-24 19:09:17,7889de9fe593a5ba406fc143d6,smc,3,1,2,3,,4,,,,,,,3,3,1,3,,2,,4,3,4,5,34,3,3,3,30,3,male,18_to_29,east_north_central,ios_mobile,25000_to_49999
114744711047,GEN Z,2024-11-24 19:07:07,2024-11-24 19:07:48,c1e13348a7dd5213dacfe71dad,smc,2,1,3,4,2,,,,,,,,3,2,1,2,3,4,,,2,2,2,16,2,2,2,14,2,female,18_to_29,,ios_mobile,125000_to_149999
114744710726,GEN Y,2024-11-24 19:06:16,2024-11-24 19:06:49,907dd1693ad1f5401aab46babd,smc,3,1,2,3,4,0,,,,,,,3,4,1,2,3,4,0,,2,2,2,41,2,2,3,30,1,male,18_to_29,pacific,ios_mobile,200000_and_up
114744710599,GEN Z,2024-11-24 18:53:39,2024-11-24 19:06:23,bec1c474796e2dff347d5526e0,smc,2,4,2,,1,0,,,,,3,,2,1,3,,1,0,4,2,1,2,2,30,1,1,1,44,1,male,18_to_29,middle_atlantic,ios_mobile,75000_to_99999
114744710384,GEN Y,2024-11-24 19:00:52,2024-11-24 19:05:40,f5666c84aeac23574998dfbae7,smc,2,,1,,2,,,,,,,,2,3,,3,,,,,3,2,4,80,1,2,1,50,1,female,30_to_44,west_south_central,android_mobile,10000_to_24999
114744710134,GEN Z,2024-11-24 19:04:21,2024-11-24 19:04:52,2f5b3df23c26b8bd5831289ce0,smc,1,,1,2,4,,,3,,,,,1,1,1,2,3,4,,,1,1,2,61,1,2,1,54,1,male,18_to_29,west_north_central,ios_mobile,no_answer
114744709706,GEN X,2024-11-24 19:01:12,2024-11-24 19:03:32,dc06b00cfc87cfefad3e0fd700,smc,2,1,,3,4,0,,,,,,,2,2,,,4,0,,,2,3,2,51,1,2,2,61,2,male,45_to_60,south_atlantic,android_mobile,25000_to_49999
114744709003,GEN X,2024-11-24 18:59:49,2024-11-24 19:01:28,103201ec1049fe294829dbed3e,smc,3,,0,,,,,,,4,,,3,2,4,3,,,,,3,4,4,85,2,2,2,26,2,female,45_to_60,south_atlantic,ios_mobile,25000_to_49999
114744708694,GEN Z,2024-11-24 18:03:46,2024-11-24 19:00:33,4a1940977e48ffa930f50eb59c,smc,2,3,,1,2,4,,0,,,,,1,3,2,,3,1,,4,1,4,2,52,3,2,1,47,1,female,18_to_29,south_atlantic,ios_mobile,25000_to_49999
114744707666,GEN Y,2024-11-24 18:56:11,2024-11-24 18:57:29,033cb3430ef9cf515ff94a9572,smc,1,,,3,,,,,,,,,1,2,1,3,2,4,,,1,1,3,57,1,1,1,60,1,female,30_to_44,middle_atlantic,ios_mobile,0_to_9999
114744707001,GEN Y,2024-11-24 18:54:19,2024-11-24 18:55:24,5c831ad6234b12fdc820ee78bd,smc,1,1,,,,,,,,,,,1,1,1,,,,,,1,1,1,100,1,1,1,100,1,male,30_to_44,south_atlantic,android_mobile,0_to_9999
114744706846,GEN Y,2024-11-24 18:50:13,2024-11-24 18:54:56,bc12cdb15bcb54b03421907168,smc,1,3,2,,4,,1,,,,,,1,1,2,,1,3,,,1,2,4,32,1,2,2,61,1,male,30_to_44,middle_atlantic,android_mobile,125000_to_149999
114744706271,GEN X,2024-11-24 18:51:11,2024-11-24 18:53:19,91ed510b917322d3bca43d1ce6,smc,2,,,,,2,4,3,1,,,,1,1,,1,2,,4,3,1,1,1,51,1,1,1,68,1,female,45_to_60,west_south_central,android_mobile,25000_to_49999
114744705888,GEN Y,2024-11-24 18:49:57,2024-11-24 18:52:11,b55385a35a22d4d7b247ec4cca,smc,2,,,1,,3,4,0,2,,,,2,3,1,,3,4,0,2,1,1,2,100,2,3,1,64,1,female,30_to_44,west_south_central,ios_mobile,25000_to_49999
114744705845,GEN X,2024-11-24 18:50:29,2024-11-24 18:52:04,4926bfcc52f4925459002005aa,smc,2,3,2,1,4,0,,,,,,,2,2,0,4,3,2,1,,1,1,2,53,3,1,1,70,1,female,30_to_44,pacific,ios_mobile,10000_to_24999
114744705751,GEN Y,2024-11-24 18:49:39,2024-11-24 18:51:47,83ff3528054b702429de231dfa,smc,2,,2,3,4,0,1,,,,,,2,4,0,,,,,,1,2,2,50,1,1,1,20,1,female,30_to_44,south_atlantic,ios_mobile,50000_to_74999
114744705442,GEN Y,2024-11-24 18:48:20,2024-11-24 18:50:47,043a56f7e9c9aba3b0acfb6b81,smc,2,0,4,,,,,,1,2,,3,1,3,0,3,4,1,2,,1,2,3,88,3,2,1,32,1,female,30_to_44,east_south_central,ios_mobile,25000_to_49999
114744705231,GEN Y,2024-11-24 18:47:32,2024-11-24 18:50:04,b9a5a555342c6161d3837cc456,smc,2,1,,0,,,2,,,,,,2,1,,,,0,,1,1,1,1,83,1,1,1,68,2,male,30_to_44,pacific,android_mobile,10000_to_24999
114744705184,GEN Z,2024-11-24 18:45:15,2024-11-24 18:49:57,643f1af88a33e94c123727e563,smc,1,,,,1,2,,,4,,,,1,3,,4,1,2,3,0,1,3,2,50,3,1,2,15,2,female,18_to_29,pacific,android_mobile,10000_to_24999
114744705145,GEN Y,2024-11-24 18:47:34,2024-11-24 18:49:47,44043ff12c7265f3ebf593edef,smc,2,0,4,,,1,,,2,,,3,2,4,2,4,3,0,1,,1,1,3,80,3,1,1,50,2,female,30_to_44,west_south_central,ios_mobile,50000_to_74999
114744704475,GEN X,2024-11-24 18:45:09,2024-11-24 18:47:45,94ccb06ced529795405fb1228a,smc,3,1,,2,,,,,,4,,3,3,3,1,,3,,2,4,3,4,4,95,3,3,1,85,2,female,45_to_60,new_england,ios_mobile,50000_to_74999
114744704354,GEN X,2024-11-24 18:45:09,2024-11-24 18:47:25,42e0a51f172e441c2bca0d7019,smc,3,0,,,,,,,,,,,3,4,,,,,,4,3,4,4,54,3,1,1,9,3,female,45_to_60,middle_atlantic,ios_mobile,25000_to_49999
114744704195,GEN X,2024-11-24 18:41:18,2024-11-24 18:46:58,6abbc3a8f8e77871bc87ae0760,smc,1,,,,,,,,2,1,3,4,1,3,2,,,1,3,4,1,1,2,76,1,1,1,75,1,male,45_to_60,east_north_central,android_mobile,75000_to_99999
114744704129,GEN X,2024-11-24 18:45:04,2024-11-24 18:46:45,53b40c32cdedccee53e2cde1ac,smc,2,1,,,2,3,,,0,,4,,2,2,,1,4,3,2,0,1,1,2,77,1,1,2,75,1,male,45_to_60,west_north_central,ios_mobile,150000_to_174999
114744704037,GEN X,2024-11-24 18:41:16,2024-11-24 18:46:26,ed83a75db48574a224e40d786a,smc,1,4,2,,3,1,,,,,,,1,4,,2,0,,4,3,1,1,2,50,1,1,2,35,1,female,45_to_60,east_south_central,android_mobile,25000_to_49999
114744703839,GEN Y,2024-11-24 18:44:18,2024-11-24 18:45:45,1b2c1cea0193b1d62dc8b5f5e8,smc,2,,,4,0,,3,2,,,,,2,1,,1,2,,3,,1,1,2,100,3,1,1,78,1,male,30_to_44,west_north_central,ios_mobile,25000_to_49999
114744703477,GEN Z,2024-11-24 18:40:01,2024-11-24 18:44:39,80607f37126750e81ec762310a,smc,2,2,,,,1,,,,,,,2,2,,,,,2,1,3,4,2,65,3,1,1,25,1,female,18_to_29,pacific,android_mobile,25000_to_49999
114744703303,GEN Y,2024-11-24 18:39:40,2024-11-24 18:44:09,4ae2a2df7ef9bcb1b7536717a7,smc,3,,,,,0,,,,,,,3,2,0,,,,,,2,2,3,50,1,2,2,12,1,male,18_to_29,south_atlantic,ios_mobile,100000_to_124999
114744703275,GEN Y,2024-11-24 18:41:34,2024-11-24 18:44:04,597f74695d2b9a27443dfa8700,smc,2,,,1,2,0,,,,,,,1,4,4,0,,,,,1,1,2,69,1,1,1,32,1,male,30_to_44,east_north_central,android_mobile,75000_to_99999
114744702367,GEN Z,2024-11-24 18:39:59,2024-11-24 18:41:07,4cf9e05bbe25dab22828b49475,smc,2,2,,,3,1,,4,0,,,,2,2,3,,1,2,4,0,2,1,2,64,1,2,2,75,1,female,18_to_29,east_north_central,ios_mobile,175000_to_199999
114744702357,GEN X,2024-11-24 18:38:07,2024-11-24 18:41:05,2ef23d5e6e28dd1f49009233f6,smc,2,,,,3,,,2,4,1,,,2,1,,,2,,1,3,1,1,2,75,2,1,1,74,1,female,45_to_60,pacific,ios_mobile,125000_to_149999
114744702304,GEN X,2024-11-24 18:36:35,2024-11-24 18:40:53,1ae1a6f11bb70ff6abeb304705,smc,2,,,,,,,,,,,,2,4,1,,4,2,,3,1,2,2,70,2,2,1,19,2,female,30_to_44,east_south_central,ios_mobile,75000_to_99999
114744702180,GEN Z,2024-11-24 18:39:58,2024-11-24 18:40:28,437188d8d75dabecfcecba4233,smc,1,1,2,3,,4,0,,,,,,3,4,2,3,4,0,1,,2,2,1,66,1,2,1,73,1,male,18_to_29,middle_atlantic,ios_mobile,50000_to_74999
114744701950,GEN X,2024-11-24 18:34:08,2024-11-24 18:39:46,5e4ac9a689526adefbfbf79bb1,smc,2,,,,2,,0,3,,1,,4,2,3,2,1,,3,0,4,1,1,2,71,2,1,1,54,3,female,45_to_60,south_atlantic,android_mobile,10000_to_24999
114744701547,GEN Y,2024-11-24 18:35:06,2024-11-24 18:38:25,4a14f513663dec27409116f641,smc,3,,,,,,,,,,,0,4,5,,,,,,0,3,4,5,6,1,3,1,9,1,female,30_to_44,us_territories,android_mobile,0_to_9999
114744701376,GEN Y,2024-11-24 18:33:45,2024-11-24 18:37:49,9085e2b57501a9561dc4c5d733,smc,2,,,,,,,,,,,,2,3,,,,,,,1,2,2,53,1,1,1,15,1,male,30_to_44,east_north_central,ios_mobile,0_to_9999
114744700843,GEN Z,2024-11-24 18:35:27,2024-11-24 18:36:14,bc7511c1e453dfa896927de755,smc,2,1,2,3,4,0,,,,,,,2,3,1,2,3,4,0,,3,4,5,9,3,3,3,6,3,male,18_to_29,pacific,ios_mobile,75000_to_99999
114744700576,GEN Y,2024-11-24 18:34:41,2024-11-24 18:35:26,1ebb48c04a81accac1d39dff64,smc,1,1,2,,4,3,,,,,,,1,1,4,1,2,,3,,1,1,1,100,1,1,1,100,1,male,30_to_44,east_north_central,ios_mobile,75000_to_99999
114744700199,GEN X,2024-11-24 18:31:36,2024-11-24 18:34:18,22042727bc8267844d733e09c4,smc,1,,,,,,2,,3,,4,1,1,4,1,,,2,4,0,1,4,2,87,1,1,1,70,3,female,45_to_60,middle_atlantic,ios_mobile,no_answer
114744699592,GEN Z,2024-11-24 18:29:39,2024-11-24 18:32:23,2619e50d9e816b956a46961f29,smc,3,,4,0,,,1,,3,,2,,3,4,1,4,0,,2,,1,2,2,20,1,2,2,55,1,male,18_to_29,west_south_central,ios_mobile,0_to_9999
114744699270,GEN Y,2024-11-24 18:25:42,2024-11-24 18:31:23,c068bca3829523f8890910208e,smc,2,4,0,,,3,2,,,1,,,2,3,0,4,,3,1,2,1,1,3,40,1,1,1,30,1,female,30_to_44,middle_atlantic,android_mobile,75000_to_99999
114744699105,GEN X,2024-11-24 18:25:40,2024-11-24 18:30:51,293a1881de7640d0352070b3ab,smc,3,1,4,,,3,,2,,,0,,3,3,1,3,4,2,,0,1,1,2,35,1,1,1,9,1,male,45_to_60,west_south_central,ios_mobile,50000_to_74999
114744698820,GEN Z,2024-11-24 18:28:17,2024-11-24 18:29:53,6508d9584b78129527e4b65e57,smc,2,2,,3,,,1,4,,0,,,2,2,1,3,4,0,2,,1,1,1,100,1,1,1,100,2,male,18_to_29,south_atlantic,ios_mobile,50000_to_74999
114744698540,GEN Z,2024-11-24 18:25:11,2024-11-24 18:28:57,58eed2c4147dfad2901b70ea19,smc,2,,2,3,,1,,,,4,,0,1,2,1,4,3,2,,0,1,1,1,72,2,1,2,78,2,male,18_to_29,west_south_central,ios_mobile,50000_to_74999
114744697144,GEN Z,2024-11-24 18:22:30,2024-11-24 18:24:44,080d55b7b4ee6a4c01d66a63cc,smc,1,2,1,,3,,4,0,,,,,2,2,2,1,3,4,0,,1,2,2,47,1,2,1,56,1,female,18_to_29,east_north_central,ios_mobile,0_to_9999
114744694529,GEN X,2024-11-24 18:13:46,2024-11-24 18:16:25,27988dfe14168741674534eba0,smc,1,1,2,,,3,,,0,,,4,1,4,0,2,3,,4,1,2,2,4,62,2,1,1,80,2,female,45_to_60,south_atlantic,ios_mobile,175000_to_199999
114744694473,GEN X,2024-11-24 18:13:52,2024-11-24 18:16:12,92d2d16be233f2599eee733e2d,smc,2,,,1,,2,,,,,,,2,3,3,,4,,,,3,4,3,65,1,3,1,36,1,female,30_to_44,middle_atlantic,android_mobile,100000_to_124999
114744694026,GEN X,2024-11-24 18:14:02,2024-11-24 18:14:50,e692efc0df183a6a214cf28fee,smc,1,1,2,3,4,0,,,,,,,1,1,1,2,3,4,0,,1,1,1,100,1,1,1,100,1,male,45_to_60,middle_atlantic,android_mobile,175000_to_199999
114744693933,GEN Z,2024-11-24 18:11:59,2024-11-24 18:14:31,19bd81d08e11946146ce6b611f,smc,3,,,,,,,,,,,0,3,3,0,,,,,,1,4,5,40,1,3,1,27,1,female,18_to_29,pacific,ios_mobile,50000_to_74999
114744692946,GEN X,2024-11-24 18:07:54,2024-11-24 18:11:21,6c53491855702a2ac61cf36b3d,smc,4,,,,,,,4,0,2,1,3,3,5,2,1,,4,0,3,3,4,5,47,3,3,3,32,3,female,45_to_60,middle_atlantic,android_mobile,75000_to_99999
114744692569,GEN Z,2024-11-24 18:09:17,2024-11-24 18:10:09,29b0e0a96f49e970382c79d6a9,smc,2,,2,,1,,,,4,3,,,2,2,1,,,4,3,,2,2,3,48,1,2,2,56,2,female,18_to_29,south_atlantic,ios_mobile,50000_to_74999
114744692534,GEN Z,2024-11-24 18:05:17,2024-11-24 18:10:04,2dd4b4fd8c2dd7960adfde6d93,smc,2,0,,1,2,,4,,,,3,,3,4,2,1,4,,3,,3,2,4,72,3,3,3,45,1,female,18_to_29,middle_atlantic,ios_mobile,125000_to_149999
114744692028,GEN Z,2024-11-24 18:03:33,2024-11-24 18:08:30,55ecd32925ed05b0ff361c98be,smc,2,,,2,3,,0,1,,4,,,1,1,0,3,4,,2,1,1,1,1,0,1,1,1,50,2,female,18_to_29,east_north_central,ios_mobile,10000_to_24999
114744691972,GEN Z,2024-11-24 18:05:51,2024-11-24 18:08:18,c82b4f0b96760ff7ebe5de42f9,smc,3,0,4,3,2,1,,,,,,,4,5,4,0,,3,2,1,3,4,5,11,3,3,3,7,3,male,18_to_29,west_north_central,ios_mobile,25000_to_49999
114744691346,GEN Z,2024-11-24 18:05:03,2024-11-24 18:06:17,4aace0004fa465cb445b198a91,smc,1,,2,3,4,0,1,,,,,,1,1,,,,2,1,,1,1,1,100,1,1,1,100,1,male,18_to_29,new_england,ios_mobile,0_to_9999
114744691303,GEN Y,2024-11-24 17:58:50,2024-11-24 18:06:11,1f8258a9a3f82ee63db552cf23,smc,2,3,2,4,1,0,,,,,,,2,2,3,,4,0,1,2,1,1,2,71,1,1,1,80,1,female,30_to_44,south_atlantic,ios_mobile,50000_to_74999
114744689258,GEN Y,2024-11-24 17:58:27,2024-11-24 18:00:21,523fd80682c7a8110394a610d5,smc,2,2,1,0,,,,,,,,,2,3,3,,,,,,1,1,1,60,1,1,1,59,1,female,18_to_29,south_atlantic,android_mobile,50000_to_74999
114744689101,GEN Y,2024-11-24 17:58:32,2024-11-24 17:59:42,5d6cc311cb132f32a252cf61df,smc,2,1,3,4,0,2,,,,,,,2,3,,3,4,0,1,2,2,2,2,36,2,2,1,42,2,male,30_to_44,east_north_central,ios_mobile,75000_to_99999
114744688767,GEN Y,2024-11-24 17:54:43,2024-11-24 17:58:33,0fee14ba0299f6f7b17352c9fa,smc,3,0,,2,3,1,,4,,,,,2,4,3,,4,2,1,0,3,2,2,34,2,1,1,90,1,female,30_to_44,mountain,android_mobile,25000_to_49999
114744688520,GEN X,2024-11-24 17:56:09,2024-11-24 17:57:45,643cdd8fcd2814630dc36f4bb3,smc,2,,,3,,,,,,,,,2,3,2,,,,,,1,2,2,83,1,1,1,80,1,female,45_to_60,west_south_central,ios_mobile,0_to_9999
114744688325,GEN Z,2024-11-24 17:56:36,2024-11-24 17:57:13,a0c25ceaccb99ae8c4ff5d26d2,smc,1,,,,,,,3,,2,4,1,1,3,,3,1,,4,2,1,1,1,34,1,2,1,31,1,male,18_to_29,middle_atlantic,ios_mobile,10000_to_24999
114744686910,GEN Z,2024-11-24 17:50:39,2024-11-24 17:52:34,9ba66e2c8534bc4a64be55e7b5,smc,2,,,,,0,4,,3,1,,2,2,4,2,3,,,1,4,2,2,2,14,1,2,1,13,1,female,18_to_29,east_north_central,ios_mobile,50000_to_74999
114744686836,GEN X,2024-11-24 17:51:27,2024-11-24 17:52:21,b8bd5e7508be7c5f828fa693f5,smc,1,1,2,3,4,,,,,,0,,1,1,1,2,3,4,0,,1,1,1,100,1,1,1,100,1,male,45_to_60,middle_atlantic,android_mobile,175000_to_199999
114744686747,GEN Z,2024-11-24 17:51:20,2024-11-24 17:52:05,be532aeed246be137eaf6ee28a,smc,2,2,,,4,3,,0,,,,,3,4,1,2,3,4,,,3,3,2,12,1,2,2,24,1,female,18_to_29,east_north_central,ios_mobile,75000_to_99999
114744686491,GEN X,2024-11-24 17:50:01,2024-11-24 17:51:25,1d8c2394dca1bc8ea5fcdb8362,smc,1,1,2,3,4,0,,,,,,,1,1,1,2,3,4,0,,1,1,2,82,1,1,1,87,1,male,45_to_60,middle_atlantic,android_mobile,125000_to_149999
114744686432,GEN Z,2024-11-24 17:49:46,2024-11-24 17:51:13,a3954722ba642db91a88ff8f60,smc,2,1,2,4,,0,3,,,,,,2,4,1,2,3,4,0,,3,4,5,9,3,3,3,14,3,female,18_to_29,middle_atlantic,ios_mobile,50000_to_74999
114744686297,GEN Z,2024-11-24 17:48:24,2024-11-24 17:50:46,9239e5b0bcda933e9973e52c88,smc,2,,,1,,4,2,,,,3,,2,4,1,4,2,,3,0,1,2,2,33,1,1,1,50,1,female,18_to_29,pacific,ios_mobile,0_to_9999
114744685832,GEN Z,2024-11-24 17:48:34,2024-11-24 17:49:14,b81605a59e359f355257f05a0c,smc,1,3,4,2,1,0,,,,,,,2,5,,1,2,3,4,0,2,3,2,54,1,2,3,70,1,male,18_to_29,new_england,ios_mobile,50000_to_74999
114744685418,GEN Y,2024-11-24 17:44:56,2024-11-24 17:47:54,32b1546fd51cae381f8fc526c3,smc,2,,,2,1,,,,,,,,1,3,3,,4,0,1,2,1,1,1,100,1,1,1,100,1,male,30_to_44,mountain,ios_mobile,25000_to_49999
114744684790,GEN X,2024-11-24 17:42:22,2024-11-24 17:45:58,815623b610a98c9abfd47ecf97,smc,2,,0,1,2,3,,,4,,,,2,4,3,,2,0,1,4,1,4,2,70,1,2,1,75,1,male,45_to_60,east_north_central,ios_mobile,75000_to_99999
114744684470,GEN Z,2024-11-24 17:44:13,2024-11-24 17:44:57,3702b7e15a3df8dcfacae196e2,smc,2,,,,4,3,2,1,,0,,,2,2,1,2,3,4,0,,2,2,1,33,2,2,2,14,1,male,18_to_29,mountain,ios_mobile,200000_and_up
114744684430,GEN Z,2024-11-24 17:40:37,2024-11-24 17:44:48,7658504f2d7b4648cb696ca807,smc,2,,,2,3,1,,,,,,4,2,5,3,,4,,2,,3,4,3,49,3,3,1,1,3,female,18_to_29,east_south_central,android_mobile,25000_to_49999
114744683207,GEN Y,2024-11-24 17:36:13,2024-11-24 17:41:11,6eecc35a0f65f2b2f0bbea249c,smc,2,,,3,,2,1,,,,,0,2,3,2,,3,1,,4,1,2,4,25,3,1,1,10,1,female,18_to_29,west_south_central,android_mobile,50000_to_74999
114744683108,GEN X,2024-11-24 17:36:42,2024-11-24 17:40:54,f42e5459f9b9df653bdcb66fb0,smc,3,,,,,1,,,,,,,3,1,,4,,,,,3,2,3,56,1,1,1,15,2,female,45_to_60,middle_atlantic,ios_mobile,25000_to_49999
114744682795,GEN X,2024-11-24 17:36:28,2024-11-24 17:40:01,f591f8731fea40588b68b1e4ce,smc,2,,,,,,,,,2,3,4,2,1,,,,,1,3,1,1,4,67,1,1,1,34,1,male,30_to_44,pacific,android_mobile,125000_to_149999
114744682257,GEN X,2024-11-24 17:35:39,2024-11-24 17:38:19,da9bed8eb5538350c0f3b79e23,smc,2,,,2,,,,,,1,,,2,2,,2,,,1,3,1,1,2,60,2,1,1,60,1,female,45_to_60,south_atlantic,ios_mobile,125000_to_149999
114744681931,GEN Y,2024-11-24 17:35:20,2024-11-24 17:37:21,ee6b093e5ada20acf40f87609a,smc,2,,,,,0,,2,4,,1,3,3,2,,3,,1,,2,2,1,1,24,1,2,2,15,2,male,30_to_44,south_atlantic,ios_mobile,75000_to_99999
114744681828,GEN Y,2024-11-24 17:35:53,2024-11-24 17:37:00,3e19190f43b4e47d5453212e08,smc,3,,2,1,,,,,,,,,1,4,1,,2,,,,1,2,2,58,2,1,1,41,1,male,30_to_44,east_north_central,android_mobile,200000_and_up
114744679602,GEN Y,2024-11-24 17:28:46,2024-11-24 17:30:27,c718fb18c4e5263316d2e5f302,smc,2,1,3,2,,,,,,,,,2,4,3,,,,,,2,2,3,100,1,2,3,80,2,female,30_to_44,west_south_central,ios_mobile,25000_to_49999
114744679254,GEN X,2024-11-24 17:27:02,2024-11-24 17:29:19,8daf02e890829671c2584bdc32,smc,1,1,,3,,,,,,,4,,1,1,,2,3,4,0,1,1,1,1,100,1,1,1,100,1,male,45_to_60,middle_atlantic,android_mobile,175000_to_199999
114744679186,GEN Z,2024-11-24 17:27:24,2024-11-24 17:29:10,677e1e49e2ae2bb8111ed6e58e,smc,1,2,,,,,,,,,,,2,2,,2,,,,,1,2,2,25,1,1,1,25,1,male,18_to_29,south_atlantic,ios_mobile,100000_to_124999
114744679149,GEN X,2024-11-24 17:27:06,2024-11-24 17:29:03,f008f7d0f6c17badd0418fc9d9,smc,2,,1,2,,,,,3,4,,0,2,2,4,1,2,3,,,1,3,2,100,1,1,1,100,1,female,45_to_60,pacific,ios_mobile,75000_to_99999
114744678807,GEN X,2024-11-24 17:27:22,2024-11-24 17:28:06,98225fb30aee54f8c3f5f2874c,smc,1,1,2,3,4,0,,,,,,,1,1,1,2,3,4,0,,1,1,1,88,1,1,1,89,1,male,45_to_60,pacific,android_mobile,125000_to_149999
114744677317,GEN Y,2024-11-24 17:20:33,2024-11-24 17:23:39,966d98e77de43859aad48b3dcf,smc,2,,,2,,,1,,,0,,3,2,2,,,,3,,2,2,2,2,55,1,1,1,70,1,male,30_to_44,south_atlantic,android_mobile,25000_to_49999
114744676728,GEN Z,2024-11-24 17:19:44,2024-11-24 17:21:58,531f559e66a7c469a107420a86,smc,2,2,1,4,3,0,,,,,,,3,3,1,3,2,0,4,,1,1,3,49,3,1,1,49,1,female,18_to_29,west_south_central,ios_mobile,100000_to_124999
114744676321,GEN X,2024-11-24 17:18:41,2024-11-24 17:20:41,c01cba4e1ee8902b03f8260d91,smc,2,,3,2,4,,,1,,0,,,2,3,2,3,1,4,,0,1,2,2,56,2,2,2,46,1,female,45_to_60,east_north_central,ios_mobile,no_answer
114744676323,GEN Z,2024-11-24 17:18:58,2024-11-24 17:20:41,2c314e62b37ce6e2ee9b89437d,smc,3,,,2,,4,0,1,,,3,,2,3,1,3,,4,2,0,3,4,2,68,1,1,1,88,1,female,18_to_29,south_atlantic,ios_mobile,10000_to_24999
114744676035,GEN Y,2024-11-24 17:16:55,2024-11-24 17:19:47,aaf3d5a99427a2980ffc5f7d85,smc,2,3,1,2,,,4,,0,,,,1,2,1,,2,4,3,0,1,4,1,85,1,1,1,75,1,male,30_to_44,mountain,ios_mobile,50000_to_74999
114744675700,GEN Y,2024-11-24 17:16:58,2024-11-24 17:18:55,c4713017ead6c7300d5509c66a,smc,1,1,,,,,,,,,,,2,1,1,,,,,,1,1,2,66,1,1,1,65,1,male,30_to_44,middle_atlantic,android_mobile,125000_to_149999
114744675537,GEN Y,2024-11-24 17:16:55,2024-11-24 17:18:28,0aa196cce729ba61601e9be607,smc,3,1,2,3,4,0,,,,,,,3,3,,1,2,3,4,0,2,2,2,76,2,2,1,48,2,female,30_to_44,mountain,ios_mobile,75000_to_99999
114744674601,GEN Z,2024-11-24 17:13:37,2024-11-24 17:15:37,6b39f1a5817a2583f97f9f8ed6,smc,1,1,2,3,4,0,,,,,,,2,3,1,2,3,4,,,2,2,2,67,1,1,2,82,1,male,18_to_29,west_south_central,ios_mobile,75000_to_99999